Workbook
Name Slicer_Customer_name: #N/A
Name Slicer_Delivery_Status: #N/A
Name Slicer_Employee_Name: #N/A
Name Slicer_Product_Availability: #N/A
Name Slicer_productName: #N/A
Name Slicer_shipper_name: #N/A
Name Slicer_year_quarter: #N/A

Sheet Pivot Table
A3: Row Labels | B3: Sum of unit price
A4: On Time | B4: 0.96835982
A5: Pending | B5: 0.020046771
A6: Late | B6: 0.01159341
A7: Grand Total | B7: 1
A25: Row Labels | B25: Sum of Sales
A26: Available | B26: 0.85385373
A27: Not Available | B27: 0.14614627
A28: Grand Total | B28: 1
A38: Row Labels | B38: Sum of Sales
A39: Côte de Blaye | B39: 141396.73
A40: Thüringer Rostbratwurst | B40: 80368.672
A41: Raclette Courdavault | B41: 71155.7
A42: Tarte au sucre | B42: 47234.97
A43: Camembert Pierrot | B43: 46825.48
A44: Gnocchi di nonna Alice | B44: 42593.06
A45: Manjimup Dried Apples | B45: 41819.65
A46: Alice Mutton | B46: 32698.38
A47: Carnarvon Tigers | B47: 29171.875
A48: Rössle Sauerkraut | B48: 25696.64
A49: Mozzarella di Giovanni | B49: 24900.13
A50: Ipoh Coffee | B50: 23526.7
... A116: Grand Total | B116: 1265793
A120: Row Labels | B120: Sum of Sales
A121: 2015-Q1 | B121: 298491.55
A122: 2014-Q4 | B122: 181681.46
A123: 2014-Q3 | B123: 153937.77
A124: 2014-Q2 | B124: 143177.04
A125: 2015-Q2 | B125: 142132.31
A126: 2014-Q1 | B126: 138288.93
A127: 2013-Q4 | B127: 128355.4
A128: 2013-Q3 | B128: 79728.57
A129: Grand Total | B129: 1265793
A134: Row Labels | B134: Sum of total with freight
A135: United Package | B135: 561792.48
A136: Federal Shipping | B136: 403917.98
A137: Speedy Express | B137: 365025.27
A138: Grand Total | B138: 1330735.7
A142: Row Labels | B142: Sum of Sales
A143: QUICK-Stop | B143: 110277.31
A144: Ernst Handel | B144: 104874.98
A145: Save-a-lot Markets | B145: 104361.95
A146: Rattlesnake Canyon Grocery | B146: 51097.801
A147: Hungry Owl All-Night Grocers | B147: 49979.905
A148: Hanari Carnes | B148: 32841.37
A149: Königlich Essen | B149: 30908.384
A150: Folk och fä HB | B150: 29567.562
A151: Mère Paillarde | B151: 28872.19
A152: White Clover Markets | B152: 27363.605
A153: Frankenversand | B153: 26656.56
A154: Queen Cozinha | B154: 25717.498
... A232: Grand Total | B232: 1265793
A235: Row Labels | B235: Sum of Sales
A236: Margaret Peacock | B236: 232890.85
A237: Janet Leverling | B237: 202812.84
A238: Nancy Davolio | B238: 192107.6
A239: Andrew Fuller | B239: 166537.76
A240: Laura Callahan | B240: 126862.28
A241: Robert King | B241: 124568.24
A242: Anne Dodsworth | B242: 77308.067
A243: Michael Suyama | B243: 73913.13
A244: Steven Buchanan | B244: 68792.283
A245: Grand Total | B245: 1265793
A250: Row Labels | B250: Sum of Discount
A251: Save-a-lot Markets | B251: 0.048245614
A252: QUICK-Stop | B252: 0.047149123
A253: Ernst Handel | B253: 0.047149123
A254: Hungry Owl All-Night Grocers | B254: 0.04495614
A255: La maison d'Asie | B255: 0.042763158
A256: Folk och fä HB | B256: 0.040570175
A257: Lehmanns Marktstand | B257: 0.030701754
A258: Rattlesnake Canyon Grocery | B258: 0.029605263
A259: LILA-Supermercado | B259: 0.028508772
A260: Bottom-Dollar Markets | B260: 0.027412281
A261: Reggiani Caseifici | B261: 0.025219298
A262: Piccolo und mehr | B262: 0.023026316
... A340: Grand Total | B340: 1

Sheet Dashboard
G2: NORTHWIND SALES

Sheet orders
A1: orderID | B1: CustomerID | C1: EmployeeID | D1: Employee Name | E1: OrderDate | F1: RequiredDate | G1: ShippedDate | H1: Days to ship | I1: shipperID | J1: freight | K1: Sales | L1: Discount | M1: total with freight | N1: quantity | O1: Customer name | P1: shipper name | Q1: year | R1: month | S1: Quarter | T1: year-quarter | U1: Delivery Status | V1: unit price
A2: 10248 | B2: VINET | C2: 5 | D2: =_xlfn.XLOOKUP(Table1[[#This Row],[EmployeeID]],Table4[employeeID],Table4[employeeName]) -> Steven Buchanan | E2: 41459 | F2: 41487 | G2: 41471 | H2: =IF(Table1[[#This Row],[ShippedDate]]="","",IF(Table1[[#This Row],[OrderDate]]="","",Table1[[#This Row],[ShippedDate]]-Table1[[#This Row],[OrderDate]])) -> 12 | I2: 3 | J2: 32.38 | K2: =SUMIF(order_details!A:A,Table1[[#This Row],[orderID]],order_details!F:F) -> 440 | L2: =_xlfn.XLOOKUP(Table1[[#This Row],[orderID]],Table3[orderID],Table3[discount]) -> 0 | M2: =SUM(Table1[[#This Row],[Sales]],Table1[[#This Row],[freight]]) -> 472.38 | N2: =_xlfn.XLOOKUP(Table1[[#This Row],[orderID]],Table3[orderID],Table3[quantity]) -> 12 | O2: =_xlfn.XLOOKUP(Table1[[#This Row],[CustomerID]],customers!A:A,customers!B:B) -> Vins et alcools Chevalier | P2: =_xlfn.XLOOKUP(Table1[[#This Row],[shipperID]],Table6[shipperID],Table6[companyName]) -> Federal Shipping | Q2: =YEAR(Table1[[#This Row],[OrderDate]]) -> 2013 | R2: =MONTH(Table1[[#This Row],[OrderDate]]) -> 7 | S2: ="Q"&ROUNDUP(Table1[[#This Row],[month]]/3,0) -> Q3 | T2: =CONCATENATE(Table1[[#This Row],[year]],"-",Table1[[#This Row],[Quarter]]) -> 2013-Q3 | U2: =IF(H1="","Pending",IF(Table1[[#This Row],[Days to ship]]<Table1[[#This Row],[RequiredDate]],"On Time","Late")) -> On Time | V2: =_xlfn.XLOOKUP(Table1[[#This Row],[orderID]],Table3[orderID],Table3[unitPrice]) -> 14
A3: 10249 | B3: TOMSP | C3: 6 | D3: =_xlfn.XLOOKUP(Table1[[#This Row],[EmployeeID]],Table4[employeeID],Table4[employeeName]) -> Michael Suyama | E3: 41460 | F3: 41502 | G3: 41465 | H3: =IF(Table1[[#This Row],[ShippedDate]]="","",IF(Table1[[#This Row],[OrderDate]]="","",Table1[[#This Row],[ShippedDate]]-Table1[[#This Row],[OrderDate]])) -> 5 | I3: 1 | J3: 11.61 | K3: =SUMIF(order_details!A:A,Table1[[#This Row],[orderID]],order_details!F:F) -> 1863.4 | L3: =_xlfn.XLOOKUP(Table1[[#This Row],[orderID]],Table3[orderID],Table3[discount]) -> 0 | M3: =SUM(Table1[[#This Row],[Sales]],Table1[[#This Row],[freight]]) -> 1875.01 | N3: =_xlfn.XLOOKUP(Table1[[#This Row],[orderID]],Table3[orderID],Table3[quantity]) -> 9 | O3: =_xlfn.XLOOKUP(Table1[[#This Row],[CustomerID]],customers!A:A,customers!B:B) -> Toms Spezialitäten | P3: =_xlfn.XLOOKUP(Table1[[#This Row],[shipperID]],Table6[shipperID],Table6[companyName]) -> Speedy Express | Q3: =YEAR(Table1[[#This Row],[OrderDate]]) -> 2013 | R3: =MONTH(Table1[[#This Row],[OrderDate]]) -> 7 | S3: ="Q"&ROUNDUP(Table1[[#This Row],[month]]/3,0) -> Q3 | T3: =CONCATENATE(Table1[[#This Row],[year]],"-",Table1[[#This Row],[Quarter]]) -> 2013-Q3 | U3: =IF(H2="","Pending",IF(Table1[[#This Row],[Days to ship]]<Table1[[#This Row],[RequiredDate]],"On Time","Late")) -> On Time | V3: =_xlfn.XLOOKUP(Table1[[#This Row],[orderID]],Table3[orderID],Table3[unitPrice]) -> 18.6
A4: 10250 | B4: HANAR | C4: 4 | D4: =_xlfn.XLOOKUP(Table1[[#This Row],[EmployeeID]],Table4[employeeID],Table4[employeeName]) -> Margaret Peacock | E4: 41463 | F4: 41491 | G4: 41467 | H4: =IF(Table1[[#This Row],[ShippedDate]]="","",IF(Table1[[#This Row],[OrderDate]]="","",Table1[[#This Row],[ShippedDate]]-Table1[[#This Row],[OrderDate]])) -> 4 | I4: 2 | J4: 65.83 | K4: =SUMIF(order_details!A:A,Table1[[#This Row],[orderID]],order_details!F:F) -> 1552.6 | L4: =_xlfn.XLOOKUP(Table1[[#This Row],[orderID]],Table3[orderID],Table3[discount]) -> 0 | M4: =SUM(Table1[[#This Row],[Sales]],Table1[[#This Row],[freight]]) -> 1618.43 | N4: =_xlfn.XLOOKUP(Table1[[#This Row],[orderID]],Table3[orderID],Table3[quantity]) -> 10 | O4: =_xlfn.XLOOKUP(Table1[[#This Row],[CustomerID]],customers!A:A,customers!B:B) -> Hanari Carnes | P4: =_xlfn.XLOOKUP(Table1[[#This Row],[shipperID]],Table6[shipperID],Table6[companyName]) -> United Package | Q4: =YEAR(Table1[[#This Row],[OrderDate]]) -> 2013 | R4: =MONTH(Table1[[#This Row],[OrderDate]]) -> 7 | S4: ="Q"&ROUNDUP(Table1[[#This Row],[month]]/3,0) -> Q3 | T4: =CONCATENATE(Table1[[#This Row],[year]],"-",Table1[[#This Row],[Quarter]]) -> 2013-Q3 | U4: =IF(H3="","Pending",IF(Table1[[#This Row],[Days to ship]]<Table1[[#This Row],[RequiredDate]],"On Time","Late")) -> On Time | V4: =_xlfn.XLOOKUP(Table1[[#This Row],[orderID]],Table3[orderID],Table3[unitPrice]) -> 7.7
A5: 10251 | B5: VICTE | C5: 3 | D5: =_xlfn.XLOOKUP(Table1[[#This Row],[EmployeeID]],Table4[employeeID],Table4[employeeName]) -> Janet Leverling | E5: 41463 | F5: 41491 | G5: 41470 | H5: =IF(Table1[[#This Row],[ShippedDate]]="","",IF(Table1[[#This Row],[OrderDate]]="","",Table1[[#This Row],[ShippedDate]]-Table1[[#This Row],[OrderDate]])) -> 7 | I5: 1 | J5: 41.34 | K5: =SUMIF(order_details!A:A,Table1[[#This Row],[orderID]],order_details!F:F) -> 654.06 | L5: =_xlfn.XLOOKUP(Table1[[#This Row],[orderID]],Table3[orderID],Table3[discount]) -> 0.05 | M5: =SUM(Table1[[#This Row],[Sales]],Table1[[#This Row],[freight]]) -> 695.4 | N5: =_xlfn.XLOOKUP(Table1[[#This Row],[orderID]],Table3[orderID],Table3[quantity]) -> 6 | O5: =_xlfn.XLOOKUP(Table1[[#This Row],[CustomerID]],customers!A:A,customers!B:B) -> Victuailles en stock | P5: =_xlfn.XLOOKUP(Table1[[#This Row],[shipperID]],Table6[shipperID],Table6[companyName]) -> Speedy Express | Q5: =YEAR(Table1[[#This Row],[OrderDate]]) -> 2013 | R5: =MONTH(Table1[[#This Row],[OrderDate]]) -> 7 | S5: ="Q"&ROUNDUP(Table1[[#This Row],[month]]/3,0) -> Q3 | T5: =CONCATENATE(Table1[[#This Row],[year]],"-",Table1[[#This Row],[Quarter]]) -> 2013-Q3 | U5: =IF(H4="","Pending",IF(Table1[[#This Row],[Days to ship]]<Table1[[#This Row],[RequiredDate]],"On Time","Late")) -> On Time | V5: =_xlfn.XLOOKUP(Table1[[#This Row],[orderID]],Table3[orderID],Table3[unitPrice]) -> 16.8
A6: 10252 | B6: SUPRD | C6: 4 | D6: =_xlfn.XLOOKUP(Table1[[#This Row],[EmployeeID]],Table4[employeeID],Table4[employeeName]) -> Margaret Peacock | E6: 41464 | F6: 41492 | G6: 41466 | H6: =IF(Table1[[#This Row],[ShippedDate]]="","",IF(Table1[[#This Row],[OrderDate]]="","",Table1[[#This Row],[ShippedDate]]-Table1[[#This Row],[OrderDate]])) -> 2 | I6: 2 | J6: 51.3 | K6: =SUMIF(order_details!A:A,Table1[[#This Row],[orderID]],order_details!F:F) -> 3597.9 | L6: =_xlfn.XLOOKUP(Table1[[#This Row],[orderID]],Table3[orderID],Table3[discount]) -> 0.05 | M6: =SUM(Table1[[#This Row],[Sales]],Table1[[#This Row],[freight]]) -> 3649.2 | N6: =_xlfn.XLOOKUP(Table1[[#This Row],[orderID]],Table3[orderID],Table3[quantity]) -> 40 | O6: =_xlfn.XLOOKUP(Table1[[#This Row],[CustomerID]],customers!A:A,customers!B:B) -> Suprêmes délices | P6: =_xlfn.XLOOKUP(Table1[[#This Row],[shipperID]],Table6[shipperID],Table6[companyName]) -> United Package | Q6: =YEAR(Table1[[#This Row],[OrderDate]]) -> 2013 | R6: =MONTH(Table1[[#This Row],[OrderDate]]) -> 7 | S6: ="Q"&ROUNDUP(Table1[[#This Row],[month]]/3,0) -> Q3 | T6: =CONCATENATE(Table1[[#This Row],[year]],"-",Table1[[#This Row],[Quarter]]) -> 2013-Q3 | U6: =IF(H5="","Pending",IF(Table1[[#This Row],[Days to ship]]<Table1[[#This Row],[RequiredDate]],"On Time","Late")) -> On Time | V6: =_xlfn.XLOOKUP(Table1[[#This Row],[orderID]],Table3[orderID],Table3[unitPrice]) -> 64.8
A7: 10253 | B7: HANAR | C7: 3 | D7: =_xlfn.XLOOKUP(Table1[[#This Row],[EmployeeID]],Table4[employeeID],Table4[employeeName]) -> Janet Leverling | E7: 41465 | F7: 41479 | G7: 41471 | H7: =IF(Table1[[#This Row],[ShippedDate]]="","",IF(Table1[[#This Row],[OrderDate]]="","",Table1[[#This Row],[ShippedDate]]-Table1[[#This Row],[OrderDate]])) -> 6 | I7: 2 | J7: 58.17 | K7: =SUMIF(order_details!A:A,Table1[[#This Row],[orderID]],order_details!F:F) -> 1444.8 | L7: =_xlfn.XLOOKUP(Table1[[#This Row],[orderID]],Table3[orderID],Table3[discount]) -> 0 | M7: =SUM(Table1[[#This Row],[Sales]],Table1[[#This Row],[freight]]) -> 1502.97 | N7: =_xlfn.XLOOKUP(Table1[[#This Row],[orderID]],Table3[orderID],Table3[quantity]) -> 20 | O7: =_xlfn.XLOOKUP(Table1[[#This Row],[CustomerID]],customers!A:A,customers!B:B) -> Hanari Carnes | P7: =_xlfn.XLOOKUP(Table1[[#This Row],[shipperID]],Table6[shipperID],Table6[companyName]) -> United Package | Q7: =YEAR(Table1[[#This Row],[OrderDate]]) -> 2013 | R7: =MONTH(Table1[[#This Row],[OrderDate]]) -> 7 | S7: ="Q"&ROUNDUP(Table1[[#This Row],[month]]/3,0) -> Q3 | T7: =CONCATENATE(Table1[[#This Row],[year]],"-",Table1[[#This Row],[Quarter]]) -> 2013-Q3 | U7: =IF(H6="","Pending",IF(Table1[[#This Row],[Days to ship]]<Table1[[#This Row],[RequiredDate]],"On Time","Late")) -> On Time | V7: =_xlfn.XLOOKUP(Table1[[#This Row],[orderID]],Table3[orderID],Table3[unitPrice]) -> 10
A8: 10254 | B8: CHOPS | C8: 5 | D8: =_xlfn.XLOOKUP(Table1[[#This Row],[EmployeeID]],Table4[employeeID],Table4[employeeName]) -> Steven Buchanan | E8: 41466 | F8: 41494 | G8: 41478 | H8: =IF(Table1[[#This Row],[ShippedDate]]="","",IF(Table1[[#This Row],[OrderDate]]="","",Table1[[#This Row],[ShippedDate]]-Table1[[#This Row],[OrderDate]])) -> 12 | I8: 2 | J8: 22.98 | K8: =SUMIF(order_details!A:A,Table1[[#This Row],[orderID]],order_details!F:F) -> 556.62 | L8: =_xlfn.XLOOKUP(Table1[[#This Row],[orderID]],Table3[orderID],Table3[discount]) -> 0.15 | M8: =SUM(Table1[[#This Row],[Sales]],Table1[[#This Row],[freight]]) -> 579.6 | N8: =_xlfn.XLOOKUP(Table1[[#This Row],[orderID]],Table3[orderID],Table3[quantity]) -> 15 | O8: =_xlfn.XLOOKUP(Table1[[#This Row],[CustomerID]],customers!A:A,customers!B:B) -> Chop-suey Chinese | P8: =_xlfn.XLOOKUP(Table1[[#This Row],[shipperID]],Table6[shipperID],Table6[companyName]) -> United Package | Q8: =YEAR(Table1[[#This Row],[OrderDate]]) -> 2013 | R8: =MONTH(Table1[[#This Row],[OrderDate]]) -> 7 | S8: ="Q"&ROUNDUP(Table1[[#This Row],[month]]/3,0) -> Q3 | T8: =CONCATENATE(Table1[[#This Row],[year]],"-",Table1[[#This Row],[Quarter]]) -> 2013-Q3 | U8: =IF(H7="","Pending",IF(Table1[[#This Row],[Days to ship]]<Table1[[#This Row],[RequiredDate]],"On Time","Late")) -> On Time | V8: =_xlfn.XLOOKUP(Table1[[#This Row],[orderID]],Table3[orderID],Table3[unitPrice]) -> 3.6
A9: 10255 | B9: RICSU | C9: 9 | D9: =_xlfn.XLOOKUP(Table1[[#This Row],[EmployeeID]],Table4[employeeID],Table4[employeeName]) -> Anne Dodsworth | E9: 41467 | F9: 41495 | G9: 41470 | H9: =IF(Table1[[#This Row],[ShippedDate]]="","",IF(Table1[[#This Row],[OrderDate]]="","",Table1[[#This Row],[ShippedDate]]-Table1[[#This Row],[OrderDate]])) -> 3 | I9: 3 | J9: 148.33 | K9: =SUMIF(order_details!A:A,Table1[[#This Row],[orderID]],order_details!F:F) -> 2490.5 | L9: =_xlfn.XLOOKUP(Table1[[#This Row],[orderID]],Table3[orderID],Table3[discount]) -> 0 | M9: =SUM(Table1[[#This Row],[Sales]],Table1[[#This Row],[freight]]) -> 2638.83 | N9: =_xlfn.XLOOKUP(Table1[[#This Row],[orderID]],Table3[orderID],Table3[quantity]) -> 20 | O9: =_xlfn.XLOOKUP(Table1[[#This Row],[CustomerID]],customers!A:A,customers!B:B) -> Richter Supermarkt | P9: =_xlfn.XLOOKUP(Table1[[#This Row],[shipperID]],Table6[shipperID],Table6[companyName]) -> Federal Shipping | Q9: =YEAR(Table1[[#This Row],[OrderDate]]) -> 2013 | R9: =MONTH(Table1[[#This Row],[OrderDate]]) -> 7 | S9: ="Q"&ROUNDUP(Table1[[#This Row],[month]]/3,0) -> Q3 | T9: =CONCATENATE(Table1[[#This Row],[year]],"-",Table1[[#This Row],[Quarter]]) -> 2013-Q3 | U9: =IF(H8="","Pending",IF(Table1[[#This Row],[Days to ship]]<Table1[[#This Row],[RequiredDate]],"On Time","Late")) -> On Time | V9: =_xlfn.XLOOKUP(Table1[[#This Row],[orderID]],Table3[orderID],Table3[unitPrice]) -> 15.2
A10: 10256 | B10: WELLI | C10: 3 | D10: =_xlfn.XLOOKUP(Table1[[#This Row],[EmployeeID]],Table4[employeeID],Table4[employeeName]) -> Janet Leverling | E10: 41470 | F10: 41498 | G10: 41472 | H10: =IF(Table1[[#This Row],[ShippedDate]]="","",IF(Table1[[#This Row],[OrderDate]]="","",Table1[[#This Row],[ShippedDate]]-Table1[[#This Row],[OrderDate]])) -> 2 | I10: 2 | J10: 13.97 | K10: =SUMIF(order_details!A:A,Table1[[#This Row],[orderID]],order_details!F:F) -> 517.8 | L10: =_xlfn.XLOOKUP(Table1[[#This Row],[orderID]],Table3[orderID],Table3[discount]) -> 0 | M10: =SUM(Table1[[#This Row],[Sales]],Table1[[#This Row],[freight]]) -> 531.77 | N10: =_xlfn.XLOOKUP(Table1[[#This Row],[orderID]],Table3[orderID],Table3[quantity]) -> 15 | O10: =_xlfn.XLOOKUP(Table1[[#This Row],[CustomerID]],customers!A:A,customers!B:B) -> Wellington Importadora | P10: =_xlfn.XLOOKUP(Table1[[#This Row],[shipperID]],Table6[shipperID],Table6[companyName]) -> United Package | Q10: =YEAR(Table1[[#This Row],[OrderDate]]) -> 2013 | R10: =MONTH(Table1[[#This Row],[OrderDate]]) -> 7 | S10: ="Q"&ROUNDUP(Table1[[#This Row],[month]]/3,0) -> Q3 | T10: =CONCATENATE(Table1[[#This Row],[year]],"-",Table1[[#This Row],[Quarter]]) -> 2013-Q3 | U10: =IF(H9="","Pending",IF(Table1[[#This Row],[Days to ship]]<Table1[[#This Row],[RequiredDate]],"On Time","Late")) -> On Time | V10: =_xlfn.XLOOKUP(Table1[[#This Row],[orderID]],Table3[orderID],Table3[unitPrice]) -> 26.2
A11: 10257 | B11: HILAA | C11: 4 | D11: =_xlfn.XLOOKUP(Table1[[#This Row],[EmployeeID]],Table4[employeeID],Table4[employeeName]) -> Margaret Peacock | E11: 41471 | F11: 41499 | G11: 41477 | H11: =IF(Table1[[#This Row],[ShippedDate]]="","",IF(Table1[[#This Row],[OrderDate]]="","",Table1[[#This Row],[ShippedDate]]-Table1[[#This Row],[OrderDate]])) -> 6 | I11: 3 | J11: 81.91 | K11: =SUMIF(order_details!A:A,Table1[[#This Row],[orderID]],order_details!F:F) -> 1119.9 | L11: =_xlfn.XLOOKUP(Table1[[#This Row],[orderID]],Table3[orderID],Table3[discount]) -> 0 | M11: =SUM(Table1[[#This Row],[Sales]],Table1[[#This Row],[freight]]) -> 1201.81 | N11: =_xlfn.XLOOKUP(Table1[[#This Row],[orderID]],Table3[orderID],Table3[quantity]) -> 25 | O11: =_xlfn.XLOOKUP(Table1[[#This Row],[CustomerID]],customers!A:A,customers!B:B) -> HILARION-Abastos | P11: =_xlfn.XLOOKUP(Table1[[#This Row],[shipperID]],Table6[shipperID],Table6[companyName]) -> Federal Shipping | Q11: =YEAR(Table1[[#This Row],[OrderDate]]) -> 2013 | R11: =MONTH(Table1[[#This Row],[OrderDate]]) -> 7 | S11: ="Q"&ROUNDUP(Table1[[#This Row],[month]]/3,0) -> Q3 | T11: =CONCATENATE(Table1[[#This Row],[year]],"-",Table1[[#This Row],[Quarter]]) -> 2013-Q3 | U11: =IF(H10="","Pending",IF(Table1[[#This Row],[Days to ship]]<Table1[[#This Row],[RequiredDate]],"On Time","Late")) -> On Time | V11: =_xlfn.XLOOKUP(Table1[[#This Row],[orderID]],Table3[orderID],Table3[unitPrice]) -> 35.1
A12: 10258 | B12: ERNSH | C12: 1 | D12: =_xlfn.XLOOKUP(Table1[[#This Row],[EmployeeID]],Table4[employeeID],Table4[employeeName]) -> Nancy Davolio | E12: 41472 | F12: 41500 | G12: 41478 | H12: =IF(Table1[[#This Row],[ShippedDate]]="","",IF(Table1[[#This Row],[OrderDate]]="","",Table1[[#This Row],[ShippedDate]]-Table1[[#This Row],[OrderDate]])) -> 6 | I12: 1 | J12: 140.51 | K12: =SUMIF(order_details!A:A,Table1[[#This Row],[orderID]],order_details!F:F) -> 1614.88 | L12: =_xlfn.XLOOKUP(Table1[[#This Row],[orderID]],Table3[orderID],Table3[discount]) -> 0.2 | M12: =SUM(Table1[[#This Row],[Sales]],Table1[[#This Row],[freight]]) -> 1755.39 | N12: =_xlfn.XLOOKUP(Table1[[#This Row],[orderID]],Table3[orderID],Table3[quantity]) -> 50 | O12: =_xlfn.XLOOKUP(Table1[[#This Row],[CustomerID]],customers!A:A,customers!B:B) -> Ernst Handel | P12: =_xlfn.XLOOKUP(Table1[[#This Row],[shipperID]],Table6[shipperID],Table6[companyName]) -> Speedy Express | Q12: =YEAR(Table1[[#This Row],[OrderDate]]) -> 2013 | R12: =MONTH(Table1[[#This Row],[OrderDate]]) -> 7 | S12: ="Q"&ROUNDUP(Table1[[#This Row],[month]]/3,0) -> Q3 | T12: =CONCATENATE(Table1[[#This Row],[year]],"-",Table1[[#This Row],[Quarter]]) -> 2013-Q3 | U12: =IF(H11="","Pending",IF(Table1[[#This Row],[Days to ship]]<Table1[[#This Row],[RequiredDate]],"On Time","Late")) -> On Time | V12: =_xlfn.XLOOKUP(Table1[[#This Row],[orderID]],Table3[orderID],Table3[unitPrice]) -> 15.2
A13: 10259 | B13: CENTC | C13: 4 | D13: =_xlfn.XLOOKUP(Table1[[#This Row],[EmployeeID]],Table4[employeeID],Table4[employeeName]) -> Margaret Peacock | E13: 41473 | F13: 41501 | G13: 41480 | H13: =IF(Table1[[#This Row],[ShippedDate]]="","",IF(Table1[[#This Row],[OrderDate]]="","",Table1[[#This Row],[ShippedDate]]-Table1[[#This Row],[OrderDate]])) -> 7 | I13: 3 | J13: 3.25 | K13: =SUMIF(order_details!A:A,Table1[[#This Row],[orderID]],order_details!F:F) -> 100.8 | L13: =_xlfn.XLOOKUP(Table1[[#This Row],[orderID]],Table3[orderID],Table3[discount]) -> 0 | M13: =SUM(Table1[[#This Row],[Sales]],Table1[[#This Row],[freight]]) -> 104.05 | N13: =_xlfn.XLOOKUP(Table1[[#This Row],[orderID]],Table3[orderID],Table3[quantity]) -> 10 | O13: =_xlfn.XLOOKUP(Table1[[#This Row],[CustomerID]],customers!A:A,customers!B:B) -> Centro comercial Moctezuma | P13: =_xlfn.XLOOKUP(Table1[[#This Row],[shipperID]],Table6[shipperID],Table6[companyName]) -> Federal Shipping | Q13: =YEAR(Table1[[#This Row],[OrderDate]]) -> 2013 | R13: =MONTH(Table1[[#This Row],[OrderDate]]) -> 7 | S13: ="Q"&ROUNDUP(Table1[[#This Row],[month]]/3,0) -> Q3 | T13: =CONCATENATE(Table1[[#This Row],[year]],"-",Table1[[#This Row],[Quarter]]) -> 2013-Q3 | U13: =IF(H12="","Pending",IF(Table1[[#This Row],[Days to ship]]<Table1[[#This Row],[RequiredDate]],"On Time","Late")) -> On Time | V13: =_xlfn.XLOOKUP(Table1[[#This Row],[orderID]],Table3[orderID],Table3[unitPrice]) -> 8
... A761: 11007 | B761: PRINI | C761: 8 | D761: =_xlfn.XLOOKUP(Table1[[#This Row],[EmployeeID]],Table4[employeeID],Table4[employeeName]) -> Laura Callahan | E761: 42102 | F761: 42130 | G761: 42107 | H761: =IF(Table1[[#This Row],[ShippedDate]]="","",IF(Table1[[#This Row],[OrderDate]]="","",Table1[[#This Row],[ShippedDate]]-Table1[[#This Row],[OrderDate]])) -> 5 | I761: 2 | J761: 202.24 | K761: =SUMIF(order_details!A:A,Table1[[#This Row],[orderID]],order_details!F:F) -> 2633.9 | L761: =_xlfn.XLOOKUP(Table1[[#This Row],[orderID]],Table3[orderID],Table3[discount]) -> 0 | M761: =SUM(Table1[[#This Row],[Sales]],Table1[[#This Row],[freight]]) -> 2836.14 | N761: =_xlfn.XLOOKUP(Table1[[#This Row],[orderID]],Table3[orderID],Table3[quantity]) -> 30 | O761: =_xlfn.XLOOKUP(Table1[[#This Row],[CustomerID]],customers!A:A,customers!B:B) -> Princesa Isabel Vinhos | P761: =_xlfn.XLOOKUP(Table1[[#This Row],[shipperID]],Table6[shipperID],Table6[companyName]) -> United Package | Q761: =YEAR(Table1[[#This Row],[OrderDate]]) -> 2015 | R761: =MONTH(Table1[[#This Row],[OrderDate]]) -> 4 | S761: ="Q"&ROUNDUP(Table1[[#This Row],[month]]/3,0) -> Q2 | T761: =CONCATENATE(Table1[[#This Row],[year]],"-",Table1[[#This Row],[Quarter]]) -> 2015-Q2 | U761: =IF(H760="","Pending",IF(Table1[[#This Row],[Days to ship]]<Table1[[#This Row],[RequiredDate]],"On Time","Late")) -> On Time | V761: =_xlfn.XLOOKUP(Table1[[#This Row],[orderID]],Table3[orderID],Table3[unitPrice]) -> 40
A762: 11008 | B762: ERNSH | C762: 7 | D762: =_xlfn.XLOOKUP(Table1[[#This Row],[EmployeeID]],Table4[employeeID],Table4[employeeName]) -> Robert King | E762: 42102 | F762: 42130 | H762: =IF(Table1[[#This Row],[ShippedDate]]="","",IF(Table1[[#This Row],[OrderDate]]="","",Table1[[#This Row],[ShippedDate]]-Table1[[#This Row],[OrderDate]])) | I762: 3 | J762: 79.46 | K762: =SUMIF(order_details!A:A,Table1[[#This Row],[orderID]],order_details!F:F) -> 4680.9 | L762: =_xlfn.XLOOKUP(Table1[[#This Row],[orderID]],Table3[orderID],Table3[discount]) -> 0.05 | M762: =SUM(Table1[[#This Row],[Sales]],Table1[[#This Row],[freight]]) -> 4760.36 | N762: =_xlfn.XLOOKUP(Table1[[#This Row],[orderID]],Table3[orderID],Table3[quantity]) -> 70 | O762: =_xlfn.XLOOKUP(Table1[[#This Row],[CustomerID]],customers!A:A,customers!B:B) -> Ernst Handel | P762: =_xlfn.XLOOKUP(Table1[[#This Row],[shipperID]],Table6[shipperID],Table6[companyName]) -> Federal Shipping | Q762: =YEAR(Table1[[#This Row],[OrderDate]]) -> 2015 | R762: =MONTH(Table1[[#This Row],[OrderDate]]) -> 4 | S762: ="Q"&ROUNDUP(Table1[[#This Row],[month]]/3,0) -> Q2 | T762: =CONCATENATE(Table1[[#This Row],[year]],"-",Table1[[#This Row],[Quarter]]) -> 2015-Q2 | U762: =IF(H761="","Pending",IF(Table1[[#This Row],[Days to ship]]<Table1[[#This Row],[RequiredDate]],"On Time","Late")) -> Late | V762: =_xlfn.XLOOKUP(Table1[[#This Row],[orderID]],Table3[orderID],Table3[unitPrice]) -> 45.6
A763: 11009 | B763: GODOS | C763: 2 | D763: =_xlfn.XLOOKUP(Table1[[#This Row],[EmployeeID]],Table4[employeeID],Table4[employeeName]) -> Andrew Fuller | E763: 42102 | F763: 42130 | G763: 42104 | H763: =IF(Table1[[#This Row],[ShippedDate]]="","",IF(Table1[[#This Row],[OrderDate]]="","",Table1[[#This Row],[ShippedDate]]-Table1[[#This Row],[OrderDate]])) -> 2 | I763: 1 | J763: 59.11 | K763: =SUMIF(order_details!A:A,Table1[[#This Row],[orderID]],order_details!F:F) -> 616.5 | L763: =_xlfn.XLOOKUP(Table1[[#This Row],[orderID]],Table3[orderID],Table3[discount]) -> 0 | M763: =SUM(Table1[[#This Row],[Sales]],Table1[[#This Row],[freight]]) -> 675.61 | N763: =_xlfn.XLOOKUP(Table1[[#This Row],[orderID]],Table3[orderID],Table3[quantity]) -> 12 | O763: =_xlfn.XLOOKUP(Table1[[#This Row],[CustomerID]],customers!A:A,customers!B:B) -> Godos Cocina Típica | P763: =_xlfn.XLOOKUP(Table1[[#This Row],[shipperID]],Table6[shipperID],Table6[companyName]) -> Speedy Express | Q763: =YEAR(Table1[[#This Row],[OrderDate]]) -> 2015 | R763: =MONTH(Table1[[#This Row],[OrderDate]]) -> 4 | S763: ="Q"&ROUNDUP(Table1[[#This Row],[month]]/3,0) -> Q2 | T763: =CONCATENATE(Table1[[#This Row],[year]],"-",Table1[[#This Row],[Quarter]]) -> 2015-Q2 | U763: =IF(H762="","Pending",IF(Table1[[#This Row],[Days to ship]]<Table1[[#This Row],[RequiredDate]],"On Time","Late")) -> Pending | V763: =_xlfn.XLOOKUP(Table1[[#This Row],[orderID]],Table3[orderID],Table3[unitPrice]) -> 4.5
A764: 11010 | B764: REGGC | C764: 2 | D764: =_xlfn.XLOOKUP(Table1[[#This Row],[EmployeeID]],Table4[employeeID],Table4[employeeName]) -> Andrew Fuller | E764: 42103 | F764: 42131 | G764: 42115 | H764: =IF(Table1[[#This Row],[ShippedDate]]="","",IF(Table1[[#This Row],[OrderDate]]="","",Table1[[#This Row],[ShippedDate]]-Table1[[#This Row],[OrderDate]])) -> 12 | I764: 2 | J764: 28.71 | K764: =SUMIF(order_details!A:A,Table1[[#This Row],[orderID]],order_details!F:F) -> 645 | L764: =_xlfn.XLOOKUP(Table1[[#This Row],[orderID]],Table3[orderID],Table3[discount]) -> 0 | M764: =SUM(Table1[[#This Row],[Sales]],Table1[[#This Row],[freight]]) -> 673.71 | N764: =_xlfn.XLOOKUP(Table1[[#This Row],[orderID]],Table3[orderID],Table3[quantity]) -> 20 | O764: =_xlfn.XLOOKUP(Table1[[#This Row],[CustomerID]],customers!A:A,customers!B:B) -> Reggiani Caseifici | P764: =_xlfn.XLOOKUP(Table1[[#This Row],[shipperID]],Table6[shipperID],Table6[companyName]) -> United Package | Q764: =YEAR(Table1[[#This Row],[OrderDate]]) -> 2015 | R764: =MONTH(Table1[[#This Row],[OrderDate]]) -> 4 | S764: ="Q"&ROUNDUP(Table1[[#This Row],[month]]/3,0) -> Q2 | T764: =CONCATENATE(Table1[[#This Row],[year]],"-",Table1[[#This Row],[Quarter]]) -> 2015-Q2 | U764: =IF(H763="","Pending",IF(Table1[[#This Row],[Days to ship]]<Table1[[#This Row],[RequiredDate]],"On Time","Late")) -> On Time | V764: =_xlfn.XLOOKUP(Table1[[#This Row],[orderID]],Table3[orderID],Table3[unitPrice]) -> 30
A765: 11011 | B765: ALFKI | C765: 3 | D765: =_xlfn.XLOOKUP(Table1[[#This Row],[EmployeeID]],Table4[employeeID],Table4[employeeName]) -> Janet Leverling | E765: 42103 | F765: 42131 | G765: 42107 | H765: =IF(Table1[[#This Row],[ShippedDate]]="","",IF(Table1[[#This Row],[OrderDate]]="","",Table1[[#This Row],[ShippedDate]]-Table1[[#This Row],[OrderDate]])) -> 4 | I765: 1 | J765: 1.21 | K765: =SUMIF(order_details!A:A,Table1[[#This Row],[orderID]],order_details!F:F) -> 933.5 | L765: =_xlfn.XLOOKUP(Table1[[#This Row],[orderID]],Table3[orderID],Table3[discount]) -> 0.05 | M765: =SUM(Table1[[#This Row],[Sales]],Table1[[#This Row],[freight]]) -> 934.71 | N765: =_xlfn.XLOOKUP(Table1[[#This Row],[orderID]],Table3[orderID],Table3[quantity]) -> 40 | O765: =_xlfn.XLOOKUP(Table1[[#This Row],[CustomerID]],customers!A:A,customers!B:B) -> Alfreds Futterkiste | P765: =_xlfn.XLOOKUP(Table1[[#This Row],[shipperID]],Table6[shipperID],Table6[companyName]) -> Speedy Express | Q765: =YEAR(Table1[[#This Row],[OrderDate]]) -> 2015 | R765: =MONTH(Table1[[#This Row],[OrderDate]]) -> 4 | S765: ="Q"&ROUNDUP(Table1[[#This Row],[month]]/3,0) -> Q2 | T765: =CONCATENATE(Table1[[#This Row],[year]],"-",Table1[[#This Row],[Quarter]]) -> 2015-Q2 | U765: =IF(H764="","Pending",IF(Table1[[#This Row],[Days to ship]]<Table1[[#This Row],[RequiredDate]],"On Time","Late")) -> On Time | V765: =_xlfn.XLOOKUP(Table1[[#This Row],[orderID]],Table3[orderID],Table3[unitPrice]) -> 13.25
A766: 11012 | B766: FRANK | C766: 1 | D766: =_xlfn.XLOOKUP(Table1[[#This Row],[EmployeeID]],Table4[employeeID],Table4[employeeName]) -> Nancy Davolio | E766: 42103 | F766: 42117 | G766: 42111 | H766: =IF(Table1[[#This Row],[ShippedDate]]="","",IF(Table1[[#This Row],[OrderDate]]="","",Table1[[#This Row],[ShippedDate]]-Table1[[#This Row],[OrderDate]])) -> 8 | I766: 3 | J766: 242.95 | K766: =SUMIF(order_details!A:A,Table1[[#This Row],[orderID]],order_details!F:F) -> 2825.3 | L766: =_xlfn.XLOOKUP(Table1[[#This Row],[orderID]],Table3[orderID],Table3[discount]) -> 0.05 | M766: =SUM(Table1[[#This Row],[Sales]],Table1[[#This Row],[freight]]) -> 3068.25 | N766: =_xlfn.XLOOKUP(Table1[[#This Row],[orderID]],Table3[orderID],Table3[quantity]) -> 50 | O766: =_xlfn.XLOOKUP(Table1[[#This Row],[CustomerID]],customers!A:A,customers!B:B) -> Frankenversand | P766: =_xlfn.XLOOKUP(Table1[[#This Row],[shipperID]],Table6[shipperID],Table6[companyName]) -> Federal Shipping | Q766: =YEAR(Table1[[#This Row],[OrderDate]]) -> 2015 | R766: =MONTH(Table1[[#This Row],[OrderDate]]) -> 4 | S766: ="Q"&ROUNDUP(Table1[[#This Row],[month]]/3,0) -> Q2 | T766: =CONCATENATE(Table1[[#This Row],[year]],"-",Table1[[#This Row],[Quarter]]) -> 2015-Q2 | U766: =IF(H765="","Pending",IF(Table1[[#This Row],[Days to ship]]<Table1[[#This Row],[RequiredDate]],"On Time","Late")) -> On Time | V766: =_xlfn.XLOOKUP(Table1[[#This Row],[orderID]],Table3[orderID],Table3[unitPrice]) -> 9.2
A767: 11013 | B767: ROMEY | C767: 2 | D767: =_xlfn.XLOOKUP(Table1[[#This Row],[EmployeeID]],Table4[employeeID],Table4[employeeName]) -> Andrew Fuller | E767: 42103 | F767: 42131 | G767: 42104 | H767: =IF(Table1[[#This Row],[ShippedDate]]="","",IF(Table1[[#This Row],[OrderDate]]="","",Table1[[#This Row],[ShippedDate]]-Table1[[#This Row],[OrderDate]])) -> 1 | I767: 1 | J767: 32.99 | K767: =SUMIF(order_details!A:A,Table1[[#This Row],[orderID]],order_details!F:F) -> 361 | L767: =_xlfn.XLOOKUP(Table1[[#This Row],[orderID]],Table3[orderID],Table3[discount]) -> 0 | M767: =SUM(Table1[[#This Row],[Sales]],Table1[[#This Row],[freight]]) -> 393.99 | N767: =_xlfn.XLOOKUP(Table1[[#This Row],[orderID]],Table3[orderID],Table3[quantity]) -> 10 | O767: =_xlfn.XLOOKUP(Table1[[#This Row],[CustomerID]],customers!A:A,customers!B:B) -> Romero y tomillo | P767: =_xlfn.XLOOKUP(Table1[[#This Row],[shipperID]],Table6[shipperID],Table6[companyName]) -> Speedy Express | Q767: =YEAR(Table1[[#This Row],[OrderDate]]) -> 2015 | R767: =MONTH(Table1[[#This Row],[OrderDate]]) -> 4 | S767: ="Q"&ROUNDUP(Table1[[#This Row],[month]]/3,0) -> Q2 | T767: =CONCATENATE(Table1[[#This Row],[year]],"-",Table1[[#This Row],[Quarter]]) -> 2015-Q2 | U767: =IF(H766="","Pending",IF(Table1[[#This Row],[Days to ship]]<Table1[[#This Row],[RequiredDate]],"On Time","Late")) -> On Time | V767: =_xlfn.XLOOKUP(Table1[[#This Row],[orderID]],Table3[orderID],Table3[unitPrice]) -> 9
A768: 11014 | B768: LINOD | C768: 2 | D768: =_xlfn.XLOOKUP(Table1[[#This Row],[EmployeeID]],Table4[employeeID],Table4[employeeName]) -> Andrew Fuller | E768: 42104 | F768: 42132 | G768: 42109 | H768: =IF(Table1[[#This Row],[ShippedDate]]="","",IF(Table1[[#This Row],[OrderDate]]="","",Table1[[#This Row],[ShippedDate]]-Table1[[#This Row],[OrderDate]])) -> 5 | I768: 3 | J768: 23.6 | K768: =SUMIF(order_details!A:A,Table1[[#This Row],[orderID]],order_details!F:F) -> 243.18 | L768: =_xlfn.XLOOKUP(Table1[[#This Row],[orderID]],Table3[orderID],Table3[discount]) -> 0.1 | M768: =SUM(Table1[[#This Row],[Sales]],Table1[[#This Row],[freight]]) -> 266.78 | N768: =_xlfn.XLOOKUP(Table1[[#This Row],[orderID]],Table3[orderID],Table3[quantity]) -> 28 | O768: =_xlfn.XLOOKUP(Table1[[#This Row],[CustomerID]],customers!A:A,customers!B:B) -> LINO-Delicateses | P768: =_xlfn.XLOOKUP(Table1[[#This Row],[shipperID]],Table6[shipperID],Table6[companyName]) -> Federal Shipping | Q768: =YEAR(Table1[[#This Row],[OrderDate]]) -> 2015 | R768: =MONTH(Table1[[#This Row],[OrderDate]]) -> 4 | S768: ="Q"&ROUNDUP(Table1[[#This Row],[month]]/3,0) -> Q2 | T768: =CONCATENATE(Table1[[#This Row],[year]],"-",Table1[[#This Row],[Quarter]]) -> 2015-Q2 | U768: =IF(H767="","Pending",IF(Table1[[#This Row],[Days to ship]]<Table1[[#This Row],[RequiredDate]],"On Time","Late")) -> On Time | V768: =_xlfn.XLOOKUP(Table1[[#This Row],[orderID]],Table3[orderID],Table3[unitPrice]) -> 9.65
A769: 11015 | B769: SANTG | C769: 2 | D769: =_xlfn.XLOOKUP(Table1[[#This Row],[EmployeeID]],Table4[employeeID],Table4[employeeName]) -> Andrew Fuller | E769: 42104 | F769: 42118 | G769: 42114 | H769: =IF(Table1[[#This Row],[ShippedDate]]="","",IF(Table1[[#This Row],[OrderDate]]="","",Table1[[#This Row],[ShippedDate]]-Table1[[#This Row],[OrderDate]])) -> 10 | I769: 2 | J769: 4.62 | K769: =SUMIF(order_details!A:A,Table1[[#This Row],[orderID]],order_details!F:F) -> 622.35 | L769: =_xlfn.XLOOKUP(Table1[[#This Row],[orderID]],Table3[orderID],Table3[discount]) -> 0 | M769: =SUM(Table1[[#This Row],[Sales]],Table1[[#This Row],[freight]]) -> 626.97 | N769: =_xlfn.XLOOKUP(Table1[[#This Row],[orderID]],Table3[orderID],Table3[quantity]) -> 15 | O769: =_xlfn.XLOOKUP(Table1[[#This Row],[CustomerID]],customers!A:A,customers!B:B) -> Santé Gourmet | P769: =_xlfn.XLOOKUP(Table1[[#This Row],[shipperID]],Table6[shipperID],Table6[companyName]) -> United Package | Q769: =YEAR(Table1[[#This Row],[OrderDate]]) -> 2015 | R769: =MONTH(Table1[[#This Row],[OrderDate]]) -> 4 | S769: ="Q"&ROUNDUP(Table1[[#This Row],[month]]/3,0) -> Q2 | T769: =CONCATENATE(Table1[[#This Row],[year]],"-",Table1[[#This Row],[Quarter]]) -> 2015-Q2 | U769: =IF(H768="","Pending",IF(Table1[[#This Row],[Days to ship]]<Table1[[#This Row],[RequiredDate]],"On Time","Late")) -> On Time | V769: =_xlfn.XLOOKUP(Table1[[#This Row],[orderID]],Table3[orderID],Table3[unitPrice]) -> 25.89
A770: 11016 | B770: AROUT | C770: 9 | D770: =_xlfn.XLOOKUP(Table1[[#This Row],[EmployeeID]],Table4[employeeID],Table4[employeeName]) -> Anne Dodsworth | E770: 42104 | F770: 42132 | G770: 42107 | H770: =IF(Table1[[#This Row],[ShippedDate]]="","",IF(Table1[[#This Row],[OrderDate]]="","",Table1[[#This Row],[ShippedDate]]-Table1[[#This Row],[OrderDate]])) -> 3 | I770: 2 | J770: 33.8 | K770: =SUMIF(order_details!A:A,Table1[[#This Row],[orderID]],order_details!F:F) -> 491.5 | L770: =_xlfn.XLOOKUP(Table1[[#This Row],[orderID]],Table3[orderID],Table3[discount]) -> 0 | M770: =SUM(Table1[[#This Row],[Sales]],Table1[[#This Row],[freight]]) -> 525.3 | N770: =_xlfn.XLOOKUP(Table1[[#This Row],[orderID]],Table3[orderID],Table3[quantity]) -> 15 | O770: =_xlfn.XLOOKUP(Table1[[#This Row],[CustomerID]],customers!A:A,customers!B:B) -> Around the Horn | P770: =_xlfn.XLOOKUP(Table1[[#This Row],[shipperID]],Table6[shipperID],Table6[companyName]) -> United Package | Q770: =YEAR(Table1[[#This Row],[OrderDate]]) -> 2015 | R770: =MONTH(Table1[[#This Row],[OrderDate]]) -> 4 | S770: ="Q"&ROUNDUP(Table1[[#This Row],[month]]/3,0) -> Q2 | T770: =CONCATENATE(Table1[[#This Row],[year]],"-",Table1[[#This Row],[Quarter]]) -> 2015-Q2 | U770: =IF(H769="","Pending",IF(Table1[[#This Row],[Days to ship]]<Table1[[#This Row],[RequiredDate]],"On Time","Late")) -> On Time | V770: =_xlfn.XLOOKUP(Table1[[#This Row],[orderID]],Table3[orderID],Table3[unitPrice]) -> 12.5
A771: 11017 | B771: ERNSH | C771: 9 | D771: =_xlfn.XLOOKUP(Table1[[#This Row],[EmployeeID]],Table4[employeeID],Table4[employeeName]) -> Anne Dodsworth | E771: 42107 | F771: 42135 | G771: 42114 | H771: =IF(Table1[[#This Row],[ShippedDate]]="","",IF(Table1[[#This Row],[OrderDate]]="","",Table1[[#This Row],[ShippedDate]]-Table1[[#This Row],[OrderDate]])) -> 7 | I771: 2 | J771: 754.26 | K771: =SUMIF(order_details!A:A,Table1[[#This Row],[orderID]],order_details!F:F) -> 6750 | L771: =_xlfn.XLOOKUP(Table1[[#This Row],[orderID]],Table3[orderID],Table3[discount]) -> 0 | M771: =SUM(Table1[[#This Row],[Sales]],Table1[[#This Row],[freight]]) -> 7504.26 | N771: =_xlfn.XLOOKUP(Table1[[#This Row],[orderID]],Table3[orderID],Table3[quantity]) -> 25 | O771: =_xlfn.XLOOKUP(Table1[[#This Row],[CustomerID]],customers!A:A,customers!B:B) -> Ernst Handel | P771: =_xlfn.XLOOKUP(Table1[[#This Row],[shipperID]],Table6[shipperID],Table6[companyName]) -> United Package | Q771: =YEAR(Table1[[#This Row],[OrderDate]]) -> 2015 | R771: =MONTH(Table1[[#This Row],[OrderDate]]) -> 4 | S771: ="Q"&ROUNDUP(Table1[[#This Row],[month]]/3,0) -> Q2 | T771: =CONCATENATE(Table1[[#This Row],[year]],"-",Table1[[#This Row],[Quarter]]) -> 2015-Q2 | U771: =IF(H770="","Pending",IF(Table1[[#This Row],[Days to ship]]<Table1[[#This Row],[RequiredDate]],"On Time","Late")) -> On Time | V771: =_xlfn.XLOOKUP(Table1[[#This Row],[orderID]],Table3[orderID],Table3[unitPrice]) -> 10
A772: 11018 | B772: LONEP | C772: 4 | D772: =_xlfn.XLOOKUP(Table1[[#This Row],[EmployeeID]],Table4[employeeID],Table4[employeeName]) -> Margaret Peacock | E772: 42107 | F772: 42135 | G772: 42110 | H772: =IF(Table1[[#This Row],[ShippedDate]]="","",IF(Table1[[#This Row],[OrderDate]]="","",Table1[[#This Row],[ShippedDate]]-Table1[[#This Row],[OrderDate]])) -> 3 | I772: 2 | J772: 11.65 | K772: =SUMIF(order_details!A:A,Table1[[#This Row],[orderID]],order_details!F:F) -> 1575 | L772: =_xlfn.XLOOKUP(Table1[[#This Row],[orderID]],Table3[orderID],Table3[discount]) -> 0 | M772: =SUM(Table1[[#This Row],[Sales]],Table1[[#This Row],[freight]]) -> 1586.65 | N772: =_xlfn.XLOOKUP(Table1[[#This Row],[orderID]],Table3[orderID],Table3[quantity]) -> 20 | O772: =_xlfn.XLOOKUP(Table1[[#This Row],[CustomerID]],customers!A:A,customers!B:B) -> Lonesome Pine Restaurant | P772: =_xlfn.XLOOKUP(Table1[[#This Row],[shipperID]],Table6[shipperID],Table6[companyName]) -> United Package | Q772: =YEAR(Table1[[#This Row],[OrderDate]]) -> 2015 | R772: =MONTH(Table1[[#This Row],[OrderDate]]) -> 4 | S772: ="Q"&ROUNDUP(Table1[[#This Row],[month]]/3,0) -> Q2 | T772: =CONCATENATE(Table1[[#This Row],[year]],"-",Table1[[#This Row],[Quarter]]) -> 2015-Q2 | U772: =IF(H771="","Pending",IF(Table1[[#This Row],[Days to ship]]<Table1[[#This Row],[RequiredDate]],"On Time","Late")) -> On Time | V772: =_xlfn.XLOOKUP(Table1[[#This Row],[orderID]],Table3[orderID],Table3[unitPrice]) -> 38
A773: 11019 | B773: RANCH | C773: 6 | D773: =_xlfn.XLOOKUP(Table1[[#This Row],[EmployeeID]],Table4[employeeID],Table4[employeeName]) -> Michael Suyama | E773: 42107 | F773: 42135 | H773: =IF(Table1[[#This Row],[ShippedDate]]="","",IF(Table1[[#This Row],[OrderDate]]="","",Table1[[#This Row],[ShippedDate]]-Table1[[#This Row],[OrderDate]])) | I773: 3 | J773: 3.17 | K773: =SUMIF(order_details!A:A,Table1[[#This Row],[orderID]],order_details!F:F) -> 76 | L773: =_xlfn.XLOOKUP(Table1[[#This Row],[orderID]],Table3[orderID],Table3[discount]) -> 0 | M773: =SUM(Table1[[#This Row],[Sales]],Table1[[#This Row],[freight]]) -> 79.17 | N773: =_xlfn.XLOOKUP(Table1[[#This Row],[orderID]],Table3[orderID],Table3[quantity]) -> 3 | O773: =_xlfn.XLOOKUP(Table1[[#This Row],[CustomerID]],customers!A:A,customers!B:B) -> Rancho grande | P773: =_xlfn.XLOOKUP(Table1[[#This Row],[shipperID]],Table6[shipperID],Table6[companyName]) -> Federal Shipping | Q773: =YEAR(Table1[[#This Row],[OrderDate]]) -> 2015 | R773: =MONTH(Table1[[#This Row],[OrderDate]]) -> 4 | S773: ="Q"&ROUNDUP(Table1[[#This Row],[month]]/3,0) -> Q2 | T773: =CONCATENATE(Table1[[#This Row],[year]],"-",Table1[[#This Row],[Quarter]]) -> 2015-Q2 | U773: =IF(H772="","Pending",IF(Table1[[#This Row],[Days to ship]]<Table1[[#This Row],[RequiredDate]],"On Time","Late")) -> Late | V773: =_xlfn.XLOOKUP(Table1[[#This Row],[orderID]],Table3[orderID],Table3[unitPrice]) -> 12
A774: 11020 | B774: OTTIK | C774: 2 | D774: =_xlfn.XLOOKUP(Table1[[#This Row],[EmployeeID]],Table4[employeeID],Table4[employeeName]) -> Andrew Fuller | E774: 42108 | F774: 42136 | G774: 42110 | H774: =IF(Table1[[#This Row],[ShippedDate]]="","",IF(Table1[[#This Row],[OrderDate]]="","",Table1[[#This Row],[ShippedDate]]-Table1[[#This Row],[OrderDate]])) -> 2 | I774: 2 | J774: 43.3 | K774: =SUMIF(order_details!A:A,Table1[[#This Row],[orderID]],order_details!F:F) -> 632.4 | L774: =_xlfn.XLOOKUP(Table1[[#This Row],[orderID]],Table3[orderID],Table3[discount]) -> 0.15 | M774: =SUM(Table1[[#This Row],[Sales]],Table1[[#This Row],[freight]]) -> 675.7 | N774: =_xlfn.XLOOKUP(Table1[[#This Row],[orderID]],Table3[orderID],Table3[quantity]) -> 24 | O774: =_xlfn.XLOOKUP(Table1[[#This Row],[CustomerID]],customers!A:A,customers!B:B) -> Ottilies Käseladen | P774: =_xlfn.XLOOKUP(Table1[[#This Row],[shipperID]],Table6[shipperID],Table6[companyName]) -> United Package | Q774: =YEAR(Table1[[#This Row],[OrderDate]]) -> 2015 | R774: =MONTH(Table1[[#This Row],[OrderDate]]) -> 4 | S774: ="Q"&ROUNDUP(Table1[[#This Row],[month]]/3,0) -> Q2 | T774: =CONCATENATE(Table1[[#This Row],[year]],"-",Table1[[#This Row],[Quarter]]) -> 2015-Q2 | U774: =IF(H773="","Pending",IF(Table1[[#This Row],[Days to ship]]<Table1[[#This Row],[RequiredDate]],"On Time","Late")) -> Pending | V774: =_xlfn.XLOOKUP(Table1[[#This Row],[orderID]],Table3[orderID],Table3[unitPrice]) -> 31
A775: 11021 | B775: QUICK | C775: 3 | D775: =_xlfn.XLOOKUP(Table1[[#This Row],[EmployeeID]],Table4[employeeID],Table4[employeeName]) -> Janet Leverling | E775: 42108 | F775: 42136 | G775: 42115 | H775: =IF(Table1[[#This Row],[ShippedDate]]="","",IF(Table1[[#This Row],[OrderDate]]="","",Table1[[#This Row],[ShippedDate]]-Table1[[#This Row],[OrderDate]])) -> 7 | I775: 1 | J775: 297.18 | K775: =SUMIF(order_details!A:A,Table1[[#This Row],[orderID]],order_details!F:F) -> 6306.24 | L775: =_xlfn.XLOOKUP(Table1[[#This Row],[orderID]],Table3[orderID],Table3[discount]) -> 0.25 | M775: =SUM(Table1[[#This Row],[Sales]],Table1[[#This Row],[freight]]) -> 6603.42 | N775: =_xlfn.XLOOKUP(Table1[[#This Row],[orderID]],Table3[orderID],Table3[quantity]) -> 11 | O775: =_xlfn.XLOOKUP(Table1[[#This Row],[CustomerID]],customers!A:A,customers!B:B) -> QUICK-Stop | P775: =_xlfn.XLOOKUP(Table1[[#This Row],[shipperID]],Table6[shipperID],Table6[companyName]) -> Speedy Express | Q775: =YEAR(Table1[[#This Row],[OrderDate]]) -> 2015 | R775: =MONTH(Table1[[#This Row],[OrderDate]]) -> 4 | S775: ="Q"&ROUNDUP(Table1[[#This Row],[month]]/3,0) -> Q2 | T775: =CONCATENATE(Table1[[#This Row],[year]],"-",Table1[[#This Row],[Quarter]]) -> 2015-Q2 | U775: =IF(H774="","Pending",IF(Table1[[#This Row],[Days to ship]]<Table1[[#This Row],[RequiredDate]],"On Time","Late")) -> On Time | V775: =_xlfn.XLOOKUP(Table1[[#This Row],[orderID]],Table3[orderID],Table3[unitPrice]) -> 19
A776: 11022 | B776: HANAR | C776: 9 | D776: =_xlfn.XLOOKUP(Table1[[#This Row],[EmployeeID]],Table4[employeeID],Table4[employeeName]) -> Anne Dodsworth | E776: 42108 | F776: 42136 | G776: 42128 | H776: =IF(Table1[[#This Row],[ShippedDate]]="","",IF(Table1[[#This Row],[OrderDate]]="","",Table1[[#This Row],[ShippedDate]]-Table1[[#This Row],[OrderDate]])) -> 20 | I776: 2 | J776: 6.27 | K776: =SUMIF(order_details!A:A,Table1[[#This Row],[orderID]],order_details!F:F) -> 1402 | L776: =_xlfn.XLOOKUP(Table1[[#This Row],[orderID]],Table3[orderID],Table3[discount]) -> 0 | M776: =SUM(Table1[[#This Row],[Sales]],Table1[[#This Row],[freight]]) -> 1408.27 | N776: =_xlfn.XLOOKUP(Table1[[#This Row],[orderID]],Table3[orderID],Table3[quantity]) -> 35 | O776: =_xlfn.XLOOKUP(Table1[[#This Row],[CustomerID]],customers!A:A,customers!B:B) -> Hanari Carnes | P776: =_xlfn.XLOOKUP(Table1[[#This Row],[shipperID]],Table6[shipperID],Table6[companyName]) -> United Package | Q776: =YEAR(Table1[[#This Row],[OrderDate]]) -> 2015 | R776: =MONTH(Table1[[#This Row],[OrderDate]]) -> 4 | S776: ="Q"&ROUNDUP(Table1[[#This Row],[month]]/3,0) -> Q2 | T776: =CONCATENATE(Table1[[#This Row],[year]],"-",Table1[[#This Row],[Quarter]]) -> 2015-Q2 | U776: =IF(H775="","Pending",IF(Table1[[#This Row],[Days to ship]]<Table1[[#This Row],[RequiredDate]],"On Time","Late")) -> On Time | V776: =_xlfn.XLOOKUP(Table1[[#This Row],[orderID]],Table3[orderID],Table3[unitPrice]) -> 9.2
A777: 11023 | B777: BSBEV | C777: 1 | D777: =_xlfn.XLOOKUP(Table1[[#This Row],[EmployeeID]],Table4[employeeID],Table4[employeeName]) -> Nancy Davolio | E777: 42108 | F777: 42122 | G777: 42118 | H777: =IF(Table1[[#This Row],[ShippedDate]]="","",IF(Table1[[#This Row],[OrderDate]]="","",Table1[[#This Row],[ShippedDate]]-Table1[[#This Row],[OrderDate]])) -> 10 | I777: 2 | J777: 123.83 | K777: =SUMIF(order_details!A:A,Table1[[#This Row],[orderID]],order_details!F:F) -> 1500 | L777: =_xlfn.XLOOKUP(Table1[[#This Row],[orderID]],Table3[orderID],Table3[discount]) -> 0 | M777: =SUM(Table1[[#This Row],[Sales]],Table1[[#This Row],[freight]]) -> 1623.83 | N777: =_xlfn.XLOOKUP(Table1[[#This Row],[orderID]],Table3[orderID],Table3[quantity]) -> 4 | O777: =_xlfn.XLOOKUP(Table1[[#This Row],[CustomerID]],customers!A:A,customers!B:B) -> B's Beverages | P777: =_xlfn.XLOOKUP(Table1[[#This Row],[shipperID]],Table6[shipperID],Table6[companyName]) -> United Package | Q777: =YEAR(Table1[[#This Row],[OrderDate]]) -> 2015 | R777: =MONTH(Table1[[#This Row],[OrderDate]]) -> 4 | S777: ="Q"&ROUNDUP(Table1[[#This Row],[month]]/3,0) -> Q2 | T777: =CONCATENATE(Table1[[#This Row],[year]],"-",Table1[[#This Row],[Quarter]]) -> 2015-Q2 | U777: =IF(H776="","Pending",IF(Table1[[#This Row],[Days to ship]]<Table1[[#This Row],[RequiredDate]],"On Time","Late")) -> On Time | V777: =_xlfn.XLOOKUP(Table1[[#This Row],[orderID]],Table3[orderID],Table3[unitPrice]) -> 30
A778: 11024 | B778: EASTC | C778: 4 | D778: =_xlfn.XLOOKUP(Table1[[#This Row],[EmployeeID]],Table4[employeeID],Table4[employeeName]) -> Margaret Peacock | E778: 42109 | F778: 42137 | G778: 42114 | H778: =IF(Table1[[#This Row],[ShippedDate]]="","",IF(Table1[[#This Row],[OrderDate]]="","",Table1[[#This Row],[ShippedDate]]-Table1[[#This Row],[OrderDate]])) -> 5 | I778: 1 | J778: 74.36 | K778: =SUMIF(order_details!A:A,Table1[[#This Row],[orderID]],order_details!F:F) -> 1966.81 | L778: =_xlfn.XLOOKUP(Table1[[#This Row],[orderID]],Table3[orderID],Table3[discount]) -> 0 | M778: =SUM(Table1[[#This Row],[Sales]],Table1[[#This Row],[freight]]) -> 2041.17 | N778: =_xlfn.XLOOKUP(Table1[[#This Row],[orderID]],Table3[orderID],Table3[quantity]) -> 12 | O778: =_xlfn.XLOOKUP(Table1[[#This Row],[CustomerID]],customers!A:A,customers!B:B) -> Eastern Connection | P778: =_xlfn.XLOOKUP(Table1[[#This Row],[shipperID]],Table6[shipperID],Table6[companyName]) -> Speedy Express | Q778: =YEAR(Table1[[#This Row],[OrderDate]]) -> 2015 | R778: =MONTH(Table1[[#This Row],[OrderDate]]) -> 4 | S778: ="Q"&ROUNDUP(Table1[[#This Row],[month]]/3,0) -> Q2 | T778: =CONCATENATE(Table1[[#This Row],[year]],"-",Table1[[#This Row],[Quarter]]) -> 2015-Q2 | U778: =IF(H777="","Pending",IF(Table1[[#This Row],[Days to ship]]<Table1[[#This Row],[RequiredDate]],"On Time","Late")) -> On Time | V778: =_xlfn.XLOOKUP(Table1[[#This Row],[orderID]],Table3[orderID],Table3[unitPrice]) -> 31.23
A779: 11025 | B779: WARTH | C779: 6 | D779: =_xlfn.XLOOKUP(Table1[[#This Row],[EmployeeID]],Table4[employeeID],Table4[employeeName]) -> Michael Suyama | E779: 42109 | F779: 42137 | G779: 42118 | H779: =IF(Table1[[#This Row],[ShippedDate]]="","",IF(Table1[[#This Row],[OrderDate]]="","",Table1[[#This Row],[ShippedDate]]-Table1[[#This Row],[OrderDate]])) -> 9 | I779: 3 | J779: 29.17 | K779: =SUMIF(order_details!A:A,Table1[[#This Row],[orderID]],order_details!F:F) -> 270 | L779: =_xlfn.XLOOKUP(Table1[[#This Row],[orderID]],Table3[orderID],Table3[discount]) -> 0.1 | M779: =SUM(Table1[[#This Row],[Sales]],Table1[[#This Row],[freight]]) -> 299.17 | N779: =_xlfn.XLOOKUP(Table1[[#This Row],[orderID]],Table3[orderID],Table3[quantity]) -> 10 | O779: =_xlfn.XLOOKUP(Table1[[#This Row],[CustomerID]],customers!A:A,customers!B:B) -> Wartian Herkku | P779: =_xlfn.XLOOKUP(Table1[[#This Row],[shipperID]],Table6[shipperID],Table6[companyName]) -> Federal Shipping | Q779: =YEAR(Table1[[#This Row],[OrderDate]]) -> 2015 | R779: =MONTH(Table1[[#This Row],[OrderDate]]) -> 4 | S779: ="Q"&ROUNDUP(Table1[[#This Row],[month]]/3,0) -> Q2 | T779: =CONCATENATE(Table1[[#This Row],[year]],"-",Table1[[#This Row],[Quarter]]) -> 2015-Q2 | U779: =IF(H778="","Pending",IF(Table1[[#This Row],[Days to ship]]<Table1[[#This Row],[RequiredDate]],"On Time","Late")) -> On Time | V779: =_xlfn.XLOOKUP(Table1[[#This Row],[orderID]],Table3[orderID],Table3[unitPrice]) -> 18
A780: 11026 | B780: FRANS | C780: 4 | D780: =_xlfn.XLOOKUP(Table1[[#This Row],[EmployeeID]],Table4[employeeID],Table4[employeeName]) -> Margaret Peacock | E780: 42109 | F780: 42137 | G780: 42122 | H780: =IF(Table1[[#This Row],[ShippedDate]]="","",IF(Table1[[#This Row],[OrderDate]]="","",Table1[[#This Row],[ShippedDate]]-Table1[[#This Row],[OrderDate]])) -> 13 | I780: 1 | J780: 47.09 | K780: =SUMIF(order_details!A:A,Table1[[#This Row],[orderID]],order_details!F:F) -> 1030 | L780: =_xlfn.XLOOKUP(Table1[[#This Row],[orderID]],Table3[orderID],Table3[discount]) -> 0 | M780: =SUM(Table1[[#This Row],[Sales]],Table1[[#This Row],[freight]]) -> 1077.09 | N780: =_xlfn.XLOOKUP(Table1[[#This Row],[orderID]],Table3[orderID],Table3[quantity]) -> 8 | O780: =_xlfn.XLOOKUP(Table1[[#This Row],[CustomerID]],customers!A:A,customers!B:B) -> Franchi S.p.A. | P780: =_xlfn.XLOOKUP(Table1[[#This Row],[shipperID]],Table6[shipperID],Table6[companyName]) -> Speedy Express | Q780: =YEAR(Table1[[#This Row],[OrderDate]]) -> 2015 | R780: =MONTH(Table1[[#This Row],[OrderDate]]) -> 4 | S780: ="Q"&ROUNDUP(Table1[[#This Row],[month]]/3,0) -> Q2 | T780: =CONCATENATE(Table1[[#This Row],[year]],"-",Table1[[#This Row],[Quarter]]) -> 2015-Q2 | U780: =IF(H779="","Pending",IF(Table1[[#This Row],[Days to ship]]<Table1[[#This Row],[RequiredDate]],"On Time","Late")) -> On Time | V780: =_xlfn.XLOOKUP(Table1[[#This Row],[orderID]],Table3[orderID],Table3[unitPrice]) -> 62.5
A781: 11027 | B781: BOTTM | C781: 1 | D781: =_xlfn.XLOOKUP(Table1[[#This Row],[EmployeeID]],Table4[employeeID],Table4[employeeName]) -> Nancy Davolio | E781: 42110 | F781: 42138 | G781: 42114 | H781: =IF(Table1[[#This Row],[ShippedDate]]="","",IF(Table1[[#This Row],[OrderDate]]="","",Table1[[#This Row],[ShippedDate]]-Table1[[#This Row],[OrderDate]])) -> 4 | I781: 1 | J781: 52.52 | K781: =SUMIF(order_details!A:A,Table1[[#This Row],[orderID]],order_details!F:F) -> 877.725 | L781: =_xlfn.XLOOKUP(Table1[[#This Row],[orderID]],Table3[orderID],Table3[discount]) -> 0.25 | M781: =SUM(Table1[[#This Row],[Sales]],Table1[[#This Row],[freight]]) -> 930.245 | N781: =_xlfn.XLOOKUP(Table1[[#This Row],[orderID]],Table3[orderID],Table3[quantity]) -> 30 | O781: =_xlfn.XLOOKUP(Table1[[#This Row],[CustomerID]],customers!A:A,customers!B:B) -> Bottom-Dollar Markets | P781: =_xlfn.XLOOKUP(Table1[[#This Row],[shipperID]],Table6[shipperID],Table6[companyName]) -> Speedy Express | Q781: =YEAR(Table1[[#This Row],[OrderDate]]) -> 2015 | R781: =MONTH(Table1[[#This Row],[OrderDate]]) -> 4 | S781: ="Q"&ROUNDUP(Table1[[#This Row],[month]]/3,0) -> Q2 | T781: =CONCATENATE(Table1[[#This Row],[year]],"-",Table1[[#This Row],[Quarter]]) -> 2015-Q2 | U781: =IF(H780="","Pending",IF(Table1[[#This Row],[Days to ship]]<Table1[[#This Row],[RequiredDate]],"On Time","Late")) -> On Time | V781: =_xlfn.XLOOKUP(Table1[[#This Row],[orderID]],Table3[orderID],Table3[unitPrice]) -> 4.5
A782: 11028 | B782: KOENE | C782: 2 | D782: =_xlfn.XLOOKUP(Table1[[#This Row],[EmployeeID]],Table4[employeeID],Table4[employeeName]) -> Andrew Fuller | E782: 42110 | F782: 42138 | G782: 42116 | H782: =IF(Table1[[#This Row],[ShippedDate]]="","",IF(Table1[[#This Row],[OrderDate]]="","",Table1[[#This Row],[ShippedDate]]-Table1[[#This Row],[OrderDate]])) -> 6 | I782: 1 | J782: 29.59 | K782: =SUMIF(order_details!A:A,Table1[[#This Row],[orderID]],order_details!F:F) -> 2160 | L782: =_xlfn.XLOOKUP(Table1[[#This Row],[orderID]],Table3[orderID],Table3[discount]) -> 0 | M782: =SUM(Table1[[#This Row],[Sales]],Table1[[#This Row],[freight]]) -> 2189.59 | N782: =_xlfn.XLOOKUP(Table1[[#This Row],[orderID]],Table3[orderID],Table3[quantity]) -> 35 | O782: =_xlfn.XLOOKUP(Table1[[#This Row],[CustomerID]],customers!A:A,customers!B:B) -> Königlich Essen | P782: =_xlfn.XLOOKUP(Table1[[#This Row],[shipperID]],Table6[shipperID],Table6[companyName]) -> Speedy Express | Q782: =YEAR(Table1[[#This Row],[OrderDate]]) -> 2015 | R782: =MONTH(Table1[[#This Row],[OrderDate]]) -> 4 | S782: ="Q"&ROUNDUP(Table1[[#This Row],[month]]/3,0) -> Q2 | T782: =CONCATENATE(Table1[[#This Row],[year]],"-",Table1[[#This Row],[Quarter]]) -> 2015-Q2 | U782: =IF(H781="","Pending",IF(Table1[[#This Row],[Days to ship]]<Table1[[#This Row],[RequiredDate]],"On Time","Late")) -> On Time | V782: =_xlfn.XLOOKUP(Table1[[#This Row],[orderID]],Table3[orderID],Table3[unitPrice]) -> 24
A783: 11029 | B783: CHOPS | C783: 4 | D783: =_xlfn.XLOOKUP(Table1[[#This Row],[EmployeeID]],Table4[employeeID],Table4[employeeName]) -> Margaret Peacock | E783: 42110 | F783: 42138 | G783: 42121 | H783: =IF(Table1[[#This Row],[ShippedDate]]="","",IF(Table1[[#This Row],[OrderDate]]="","",Table1[[#This Row],[ShippedDate]]-Table1[[#This Row],[OrderDate]])) -> 11 | I783: 1 | J783: 47.84 | K783: =SUMIF(order_details!A:A,Table1[[#This Row],[orderID]],order_details!F:F) -> 1286.8 | L783: =_xlfn.XLOOKUP(Table1[[#This Row],[orderID]],Table3[orderID],Table3[discount]) -> 0 | M783: =SUM(Table1[[#This Row],[Sales]],Table1[[#This Row],[freight]]) -> 1334.64 | N783: =_xlfn.XLOOKUP(Table1[[#This Row],[orderID]],Table3[orderID],Table3[quantity]) -> 20 | O783: =_xlfn.XLOOKUP(Table1[[#This Row],[CustomerID]],customers!A:A,customers!B:B) -> Chop-suey Chinese | P783: =_xlfn.XLOOKUP(Table1[[#This Row],[shipperID]],Table6[shipperID],Table6[companyName]) -> Speedy Express | Q783: =YEAR(Table1[[#This Row],[OrderDate]]) -> 2015 | R783: =MONTH(Table1[[#This Row],[OrderDate]]) -> 4 | S783: ="Q"&ROUNDUP(Table1[[#This Row],[month]]/3,0) -> Q2 | T783: =CONCATENATE(Table1[[#This Row],[year]],"-",Table1[[#This Row],[Quarter]]) -> 2015-Q2 | U783: =IF(H782="","Pending",IF(Table1[[#This Row],[Days to ship]]<Table1[[#This Row],[RequiredDate]],"On Time","Late")) -> On Time | V783: =_xlfn.XLOOKUP(Table1[[#This Row],[orderID]],Table3[orderID],Table3[unitPrice]) -> 38
A784: 11030 | B784: SAVEA | C784: 7 | D784: =_xlfn.XLOOKUP(Table1[[#This Row],[EmployeeID]],Table4[employeeID],Table4[employeeName]) -> Robert King | E784: 42111 | F784: 42139 | G784: 42121 | H784: =IF(Table1[[#This Row],[ShippedDate]]="","",IF(Table1[[#This Row],[OrderDate]]="","",Table1[[#This Row],[ShippedDate]]-Table1[[#This Row],[OrderDate]])) -> 10 | I784: 2 | J784: 830.75 | K784: =SUMIF(order_details!A:A,Table1[[#This Row],[orderID]],order_details!F:F) -> 12615.05 | L784: =_xlfn.XLOOKUP(Table1[[#This Row],[orderID]],Table3[orderID],Table3[discount]) -> 0.25 | M784: =SUM(Table1[[#This Row],[Sales]],Table1[[#This Row],[freight]]) -> 13445.8 | N784: =_xlfn.XLOOKUP(Table1[[#This Row],[orderID]],Table3[orderID],Table3[quantity]) -> 100 | O784: =_xlfn.XLOOKUP(Table1[[#This Row],[CustomerID]],customers!A:A,customers!B:B) -> Save-a-lot Markets | P784: =_xlfn.XLOOKUP(Table1[[#This Row],[shipperID]],Table6[shipperID],Table6[companyName]) -> United Package | Q784: =YEAR(Table1[[#This Row],[OrderDate]]) -> 2015 | R784: =MONTH(Table1[[#This Row],[OrderDate]]) -> 4 | S784: ="Q"&ROUNDUP(Table1[[#This Row],[month]]/3,0) -> Q2 | T784: =CONCATENATE(Table1[[#This Row],[year]],"-",Table1[[#This Row],[Quarter]]) -> 2015-Q2 | U784: =IF(H783="","Pending",IF(Table1[[#This Row],[Days to ship]]<Table1[[#This Row],[RequiredDate]],"On Time","Late")) -> On Time | V784: =_xlfn.XLOOKUP(Table1[[#This Row],[orderID]],Table3[orderID],Table3[unitPrice]) -> 19
A785: 11031 | B785: SAVEA | C785: 6 | D785: =_xlfn.XLOOKUP(Table1[[#This Row],[EmployeeID]],Table4[employeeID],Table4[employeeName]) -> Michael Suyama | E785: 42111 | F785: 42139 | G785: 42118 | H785: =IF(Table1[[#This Row],[ShippedDate]]="","",IF(Table1[[#This Row],[OrderDate]]="","",Table1[[#This Row],[ShippedDate]]-Table1[[#This Row],[OrderDate]])) -> 7 | I785: 2 | J785: 227.22 | K785: =SUMIF(order_details!A:A,Table1[[#This Row],[orderID]],order_details!F:F) -> 2393.5 | L785: =_xlfn.XLOOKUP(Table1[[#This Row],[orderID]],Table3[orderID],Table3[discount]) -> 0 | M785: =SUM(Table1[[#This Row],[Sales]],Table1[[#This Row],[freight]]) -> 2620.72 | N785: =_xlfn.XLOOKUP(Table1[[#This Row],[orderID]],Table3[orderID],Table3[quantity]) -> 45 | O785: =_xlfn.XLOOKUP(Table1[[#This Row],[CustomerID]],customers!A:A,customers!B:B) -> Save-a-lot Markets | P785: =_xlfn.XLOOKUP(Table1[[#This Row],[shipperID]],Table6[shipperID],Table6[companyName]) -> United Package | Q785: =YEAR(Table1[[#This Row],[OrderDate]]) -> 2015 | R785: =MONTH(Table1[[#This Row],[OrderDate]]) -> 4 | S785: ="Q"&ROUNDUP(Table1[[#This Row],[month]]/3,0) -> Q2 | T785: =CONCATENATE(Table1[[#This Row],[year]],"-",Table1[[#This Row],[Quarter]]) -> 2015-Q2 | U785: =IF(H784="","Pending",IF(Table1[[#This Row],[Days to ship]]<Table1[[#This Row],[RequiredDate]],"On Time","Late")) -> On Time | V785: =_xlfn.XLOOKUP(Table1[[#This Row],[orderID]],Table3[orderID],Table3[unitPrice]) -> 18
... A792: 11038 | B792: SUPRD | C792: 1 | D792: =_xlfn.XLOOKUP(Table1[[#This Row],[EmployeeID]],Table4[employeeID],Table4[employeeName]) -> Nancy Davolio | E792: 42115 | F792: 42143 | G792: 42124 | H792: =IF(Table1[[#This Row],[ShippedDate]]="","",IF(Table1[[#This Row],[OrderDate]]="","",Table1[[#This Row],[ShippedDate]]-Table1[[#This Row],[OrderDate]])) -> 9 | I792: 2 | J792: 29.59 | K792: =SUMIF(order_details!A:A,Table1[[#This Row],[orderID]],order_details!F:F) -> 732.6 | L792: =_xlfn.XLOOKUP(Table1[[#This Row],[orderID]],Table3[orderID],Table3[discount]) -> 0.2 | M792: =SUM(Table1[[#This Row],[Sales]],Table1[[#This Row],[freight]]) -> 762.19 | N792: =_xlfn.XLOOKUP(Table1[[#This Row],[orderID]],Table3[orderID],Table3[quantity]) -> 5 | O792: =_xlfn.XLOOKUP(Table1[[#This Row],[CustomerID]],customers!A:A,customers!B:B) -> Suprêmes délices | P792: =_xlfn.XLOOKUP(Table1[[#This Row],[shipperID]],Table6[shipperID],Table6[companyName]) -> United Package | Q792: =YEAR(Table1[[#This Row],[OrderDate]]) -> 2015 | R792: =MONTH(Table1[[#This Row],[OrderDate]]) -> 4 | S792: ="Q"&ROUNDUP(Table1[[#This Row],[month]]/3,0) -> Q2 | T792: =CONCATENATE(Table1[[#This Row],[year]],"-",Table1[[#This Row],[Quarter]]) -> 2015-Q2 | U792: =IF(H791="","Pending",IF(Table1[[#This Row],[Days to ship]]<Table1[[#This Row],[RequiredDate]],"On Time","Late")) -> On Time | V792: =_xlfn.XLOOKUP(Table1[[#This Row],[orderID]],Table3[orderID],Table3[unitPrice]) -> 18.4
A793: 11039 | B793: LINOD | C793: 1 | D793: =_xlfn.XLOOKUP(Table1[[#This Row],[EmployeeID]],Table4[employeeID],Table4[employeeName]) -> Nancy Davolio | E793: 42115 | F793: 42143 | H793: =IF(Table1[[#This Row],[ShippedDate]]="","",IF(Table1[[#This Row],[OrderDate]]="","",Table1[[#This Row],[ShippedDate]]-Table1[[#This Row],[OrderDate]])) | I793: 2 | J793: 65 | K793: =SUMIF(order_details!A:A,Table1[[#This Row],[orderID]],order_details!F:F) -> 3090 | L793: =_xlfn.XLOOKUP(Table1[[#This Row],[orderID]],Table3[orderID],Table3[discount]) -> 0 | M793: =SUM(Table1[[#This Row],[Sales]],Table1[[#This Row],[freight]]) -> 3155 | N793: =_xlfn.XLOOKUP(Table1[[#This Row],[orderID]],Table3[orderID],Table3[quantity]) -> 20 | O793: =_xlfn.XLOOKUP(Table1[[#This Row],[CustomerID]],customers!A:A,customers!B:B) -> LINO-Delicateses | P793: =_xlfn.XLOOKUP(Table1[[#This Row],[shipperID]],Table6[shipperID],Table6[companyName]) -> United Package | Q793: =YEAR(Table1[[#This Row],[OrderDate]]) -> 2015 | R793: =MONTH(Table1[[#This Row],[OrderDate]]) -> 4 | S793: ="Q"&ROUNDUP(Table1[[#This Row],[month]]/3,0) -> Q2 | T793: =CONCATENATE(Table1[[#This Row],[year]],"-",Table1[[#This Row],[Quarter]]) -> 2015-Q2 | U793: =IF(H792="","Pending",IF(Table1[[#This Row],[Days to ship]]<Table1[[#This Row],[RequiredDate]],"On Time","Late")) -> Late | V793: =_xlfn.XLOOKUP(Table1[[#This Row],[orderID]],Table3[orderID],Table3[unitPrice]) -> 45.6
A794: 11040 | B794: GREAL | C794: 4 | D794: =_xlfn.XLOOKUP(Table1[[#This Row],[EmployeeID]],Table4[employeeID],Table4[employeeName]) -> Margaret Peacock | E794: 42116 | F794: 42144 | H794: =IF(Table1[[#This Row],[ShippedDate]]="","",IF(Table1[[#This Row],[OrderDate]]="","",Table1[[#This Row],[ShippedDate]]-Table1[[#This Row],[OrderDate]])) | I794: 3 | J794: 18.84 | K794: =SUMIF(order_details!A:A,Table1[[#This Row],[orderID]],order_details!F:F) -> 200 | L794: =_xlfn.XLOOKUP(Table1[[#This Row],[orderID]],Table3[orderID],Table3[discount]) -> 0 | M794: =SUM(Table1[[#This Row],[Sales]],Table1[[#This Row],[freight]]) -> 218.84 | N794: =_xlfn.XLOOKUP(Table1[[#This Row],[orderID]],Table3[orderID],Table3[quantity]) -> 20 | O794: =_xlfn.XLOOKUP(Table1[[#This Row],[CustomerID]],customers!A:A,customers!B:B) -> Great Lakes Food Market | P794: =_xlfn.XLOOKUP(Table1[[#This Row],[shipperID]],Table6[shipperID],Table6[companyName]) -> Federal Shipping | Q794: =YEAR(Table1[[#This Row],[OrderDate]]) -> 2015 | R794: =MONTH(Table1[[#This Row],[OrderDate]]) -> 4 | S794: ="Q"&ROUNDUP(Table1[[#This Row],[month]]/3,0) -> Q2 | T794: =CONCATENATE(Table1[[#This Row],[year]],"-",Table1[[#This Row],[Quarter]]) -> 2015-Q2 | U794: =IF(H793="","Pending",IF(Table1[[#This Row],[Days to ship]]<Table1[[#This Row],[RequiredDate]],"On Time","Late")) -> Pending | V794: =_xlfn.XLOOKUP(Table1[[#This Row],[orderID]],Table3[orderID],Table3[unitPrice]) -> 10
A795: 11041 | B795: CHOPS | C795: 3 | D795: =_xlfn.XLOOKUP(Table1[[#This Row],[EmployeeID]],Table4[employeeID],Table4[employeeName]) -> Janet Leverling | E795: 42116 | F795: 42144 | G795: 42122 | H795: =IF(Table1[[#This Row],[ShippedDate]]="","",IF(Table1[[#This Row],[OrderDate]]="","",Table1[[#This Row],[ShippedDate]]-Table1[[#This Row],[OrderDate]])) -> 6 | I795: 2 | J795: 48.22 | K795: =SUMIF(order_details!A:A,Table1[[#This Row],[orderID]],order_details!F:F) -> 1773 | L795: =_xlfn.XLOOKUP(Table1[[#This Row],[orderID]],Table3[orderID],Table3[discount]) -> 0.2 | M795: =SUM(Table1[[#This Row],[Sales]],Table1[[#This Row],[freight]]) -> 1821.22 | N795: =_xlfn.XLOOKUP(Table1[[#This Row],[orderID]],Table3[orderID],Table3[quantity]) -> 30 | O795: =_xlfn.XLOOKUP(Table1[[#This Row],[CustomerID]],customers!A:A,customers!B:B) -> Chop-suey Chinese | P795: =_xlfn.XLOOKUP(Table1[[#This Row],[shipperID]],Table6[shipperID],Table6[companyName]) -> United Package | Q795: =YEAR(Table1[[#This Row],[OrderDate]]) -> 2015 | R795: =MONTH(Table1[[#This Row],[OrderDate]]) -> 4 | S795: ="Q"&ROUNDUP(Table1[[#This Row],[month]]/3,0) -> Q2 | T795: =CONCATENATE(Table1[[#This Row],[year]],"-",Table1[[#This Row],[Quarter]]) -> 2015-Q2 | U795: =IF(H794="","Pending",IF(Table1[[#This Row],[Days to ship]]<Table1[[#This Row],[RequiredDate]],"On Time","Late")) -> Pending | V795: =_xlfn.XLOOKUP(Table1[[#This Row],[orderID]],Table3[orderID],Table3[unitPrice]) -> 19
A796: 11042 | B796: COMMI | C796: 2 | D796: =_xlfn.XLOOKUP(Table1[[#This Row],[EmployeeID]],Table4[employeeID],Table4[employeeName]) -> Andrew Fuller | E796: 42116 | F796: 42130 | G796: 42125 | H796: =IF(Table1[[#This Row],[ShippedDate]]="","",IF(Table1[[#This Row],[OrderDate]]="","",Table1[[#This Row],[ShippedDate]]-Table1[[#This Row],[OrderDate]])) -> 9 | I796: 1 | J796: 29.99 | K796: =SUMIF(order_details!A:A,Table1[[#This Row],[orderID]],order_details!F:F) -> 405.75 | L796: =_xlfn.XLOOKUP(Table1[[#This Row],[orderID]],Table3[orderID],Table3[discount]) -> 0 | M796: =SUM(Table1[[#This Row],[Sales]],Table1[[#This Row],[freight]]) -> 435.74 | N796: =_xlfn.XLOOKUP(Table1[[#This Row],[orderID]],Table3[orderID],Table3[quantity]) -> 15 | O796: =_xlfn.XLOOKUP(Table1[[#This Row],[CustomerID]],customers!A:A,customers!B:B) -> Comércio Mineiro | P796: =_xlfn.XLOOKUP(Table1[[#This Row],[shipperID]],Table6[shipperID],Table6[companyName]) -> Speedy Express | Q796: =YEAR(Table1[[#This Row],[OrderDate]]) -> 2015 | R796: =MONTH(Table1[[#This Row],[OrderDate]]) -> 4 | S796: ="Q"&ROUNDUP(Table1[[#This Row],[month]]/3,0) -> Q2 | T796: =CONCATENATE(Table1[[#This Row],[year]],"-",Table1[[#This Row],[Quarter]]) -> 2015-Q2 | U796: =IF(H795="","Pending",IF(Table1[[#This Row],[Days to ship]]<Table1[[#This Row],[RequiredDate]],"On Time","Late")) -> On Time | V796: =_xlfn.XLOOKUP(Table1[[#This Row],[orderID]],Table3[orderID],Table3[unitPrice]) -> 19.45
A797: 11043 | B797: SPECD | C797: 5 | D797: =_xlfn.XLOOKUP(Table1[[#This Row],[EmployeeID]],Table4[employeeID],Table4[employeeName]) -> Steven Buchanan | E797: 42116 | F797: 42144 | G797: 42123 | H797: =IF(Table1[[#This Row],[ShippedDate]]="","",IF(Table1[[#This Row],[OrderDate]]="","",Table1[[#This Row],[ShippedDate]]-Table1[[#This Row],[OrderDate]])) -> 7 | I797: 2 | J797: 8.8 | K797: =SUMIF(order_details!A:A,Table1[[#This Row],[orderID]],order_details!F:F) -> 210 | L797: =_xlfn.XLOOKUP(Table1[[#This Row],[orderID]],Table3[orderID],Table3[discount]) -> 0 | M797: =SUM(Table1[[#This Row],[Sales]],Table1[[#This Row],[freight]]) -> 218.8 | N797: =_xlfn.XLOOKUP(Table1[[#This Row],[orderID]],Table3[orderID],Table3[quantity]) -> 10 | O797: =_xlfn.XLOOKUP(Table1[[#This Row],[CustomerID]],customers!A:A,customers!B:B) -> Spécialités du monde | P797: =_xlfn.XLOOKUP(Table1[[#This Row],[shipperID]],Table6[shipperID],Table6[companyName]) -> United Package | Q797: =YEAR(Table1[[#This Row],[OrderDate]]) -> 2015 | R797: =MONTH(Table1[[#This Row],[OrderDate]]) -> 4 | S797: ="Q"&ROUNDUP(Table1[[#This Row],[month]]/3,0) -> Q2 | T797: =CONCATENATE(Table1[[#This Row],[year]],"-",Table1[[#This Row],[Quarter]]) -> 2015-Q2 | U797: =IF(H796="","Pending",IF(Table1[[#This Row],[Days to ship]]<Table1[[#This Row],[RequiredDate]],"On Time","Late")) -> On Time | V797: =_xlfn.XLOOKUP(Table1[[#This Row],[orderID]],Table3[orderID],Table3[unitPrice]) -> 21
A798: 11044 | B798: WOLZA | C798: 4 | D798: =_xlfn.XLOOKUP(Table1[[#This Row],[EmployeeID]],Table4[employeeID],Table4[employeeName]) -> Margaret Peacock | E798: 42117 | F798: 42145 | G798: 42125 | H798: =IF(Table1[[#This Row],[ShippedDate]]="","",IF(Table1[[#This Row],[OrderDate]]="","",Table1[[#This Row],[ShippedDate]]-Table1[[#This Row],[OrderDate]])) -> 8 | I798: 1 | J798: 8.72 | K798: =SUMIF(order_details!A:A,Table1[[#This Row],[orderID]],order_details!F:F) -> 591.6 | L798: =_xlfn.XLOOKUP(Table1[[#This Row],[orderID]],Table3[orderID],Table3[discount]) -> 0 | M798: =SUM(Table1[[#This Row],[Sales]],Table1[[#This Row],[freight]]) -> 600.32 | N798: =_xlfn.XLOOKUP(Table1[[#This Row],[orderID]],Table3[orderID],Table3[quantity]) -> 12 | O798: =_xlfn.XLOOKUP(Table1[[#This Row],[CustomerID]],customers!A:A,customers!B:B) -> Wolski Zajazd | P798: =_xlfn.XLOOKUP(Table1[[#This Row],[shipperID]],Table6[shipperID],Table6[companyName]) -> Speedy Express | Q798: =YEAR(Table1[[#This Row],[OrderDate]]) -> 2015 | R798: =MONTH(Table1[[#This Row],[OrderDate]]) -> 4 | S798: ="Q"&ROUNDUP(Table1[[#This Row],[month]]/3,0) -> Q2 | T798: =CONCATENATE(Table1[[#This Row],[year]],"-",Table1[[#This Row],[Quarter]]) -> 2015-Q2 | U798: =IF(H797="","Pending",IF(Table1[[#This Row],[Days to ship]]<Table1[[#This Row],[RequiredDate]],"On Time","Late")) -> On Time | V798: =_xlfn.XLOOKUP(Table1[[#This Row],[orderID]],Table3[orderID],Table3[unitPrice]) -> 49.3
A799: 11045 | B799: BOTTM | C799: 6 | D799: =_xlfn.XLOOKUP(Table1[[#This Row],[EmployeeID]],Table4[employeeID],Table4[employeeName]) -> Michael Suyama | E799: 42117 | F799: 42145 | H799: =IF(Table1[[#This Row],[ShippedDate]]="","",IF(Table1[[#This Row],[OrderDate]]="","",Table1[[#This Row],[ShippedDate]]-Table1[[#This Row],[OrderDate]])) | I799: 2 | J799: 70.58 | K799: =SUMIF(order_details!A:A,Table1[[#This Row],[orderID]],order_details!F:F) -> 1309.5 | L799: =_xlfn.XLOOKUP(Table1[[#This Row],[orderID]],Table3[orderID],Table3[discount]) -> 0 | M799: =SUM(Table1[[#This Row],[Sales]],Table1[[#This Row],[freight]]) -> 1380.08 | N799: =_xlfn.XLOOKUP(Table1[[#This Row],[orderID]],Table3[orderID],Table3[quantity]) -> 15 | O799: =_xlfn.XLOOKUP(Table1[[#This Row],[CustomerID]],customers!A:A,customers!B:B) -> Bottom-Dollar Markets | P799: =_xlfn.XLOOKUP(Table1[[#This Row],[shipperID]],Table6[shipperID],Table6[companyName]) -> United Package | Q799: =YEAR(Table1[[#This Row],[OrderDate]]) -> 2015 | R799: =MONTH(Table1[[#This Row],[OrderDate]]) -> 4 | S799: ="Q"&ROUNDUP(Table1[[#This Row],[month]]/3,0) -> Q2 | T799: =CONCATENATE(Table1[[#This Row],[year]],"-",Table1[[#This Row],[Quarter]]) -> 2015-Q2 | U799: =IF(H798="","Pending",IF(Table1[[#This Row],[Days to ship]]<Table1[[#This Row],[RequiredDate]],"On Time","Late")) -> Late | V799: =_xlfn.XLOOKUP(Table1[[#This Row],[orderID]],Table3[orderID],Table3[unitPrice]) -> 2.5
A800: 11046 | B800: WANDK | C800: 8 | D800: =_xlfn.XLOOKUP(Table1[[#This Row],[EmployeeID]],Table4[employeeID],Table4[employeeName]) -> Laura Callahan | E800: 42117 | F800: 42145 | G800: 42118 | H800: =IF(Table1[[#This Row],[ShippedDate]]="","",IF(Table1[[#This Row],[OrderDate]]="","",Table1[[#This Row],[ShippedDate]]-Table1[[#This Row],[OrderDate]])) -> 1 | I800: 2 | J800: 71.64 | K800: =SUMIF(order_details!A:A,Table1[[#This Row],[orderID]],order_details!F:F) -> 1485.8 | L800: =_xlfn.XLOOKUP(Table1[[#This Row],[orderID]],Table3[orderID],Table3[discount]) -> 0.05 | M800: =SUM(Table1[[#This Row],[Sales]],Table1[[#This Row],[freight]]) -> 1557.44 | N800: =_xlfn.XLOOKUP(Table1[[#This Row],[orderID]],Table3[orderID],Table3[quantity]) -> 20 | O800: =_xlfn.XLOOKUP(Table1[[#This Row],[CustomerID]],customers!A:A,customers!B:B) -> Die Wandernde Kuh | P800: =_xlfn.XLOOKUP(Table1[[#This Row],[shipperID]],Table6[shipperID],Table6[companyName]) -> United Package | Q800: =YEAR(Table1[[#This Row],[OrderDate]]) -> 2015 | R800: =MONTH(Table1[[#This Row],[OrderDate]]) -> 4 | S800: ="Q"&ROUNDUP(Table1[[#This Row],[month]]/3,0) -> Q2 | T800: =CONCATENATE(Table1[[#This Row],[year]],"-",Table1[[#This Row],[Quarter]]) -> 2015-Q2 | U800: =IF(H799="","Pending",IF(Table1[[#This Row],[Days to ship]]<Table1[[#This Row],[RequiredDate]],"On Time","Late")) -> Pending | V800: =_xlfn.XLOOKUP(Table1[[#This Row],[orderID]],Table3[orderID],Table3[unitPrice]) -> 38
A801: 11047 | B801: EASTC | C801: 7 | D801: =_xlfn.XLOOKUP(Table1[[#This Row],[EmployeeID]],Table4[employeeID],Table4[employeeName]) -> Robert King | E801: 42118 | F801: 42146 | G801: 42125 | H801: =IF(Table1[[#This Row],[ShippedDate]]="","",IF(Table1[[#This Row],[OrderDate]]="","",Table1[[#This Row],[ShippedDate]]-Table1[[#This Row],[OrderDate]])) -> 7 | I801: 3 | J801: 46.62 | K801: =SUMIF(order_details!A:A,Table1[[#This Row],[orderID]],order_details!F:F) -> 817.875 | L801: =_xlfn.XLOOKUP(Table1[[#This Row],[orderID]],Table3[orderID],Table3[discount]) -> 0.25 | M801: =SUM(Table1[[#This Row],[Sales]],Table1[[#This Row],[freight]]) -> 864.495 | N801: =_xlfn.XLOOKUP(Table1[[#This Row],[orderID]],Table3[orderID],Table3[quantity]) -> 25 | O801: =_xlfn.XLOOKUP(Table1[[#This Row],[CustomerID]],customers!A:A,customers!B:B) -> Eastern Connection | P801: =_xlfn.XLOOKUP(Table1[[#This Row],[shipperID]],Table6[shipperID],Table6[companyName]) -> Federal Shipping | Q801: =YEAR(Table1[[#This Row],[OrderDate]]) -> 2015 | R801: =MONTH(Table1[[#This Row],[OrderDate]]) -> 4 | S801: ="Q"&ROUNDUP(Table1[[#This Row],[month]]/3,0) -> Q2 | T801: =CONCATENATE(Table1[[#This Row],[year]],"-",Table1[[#This Row],[Quarter]]) -> 2015-Q2 | U801: =IF(H800="","Pending",IF(Table1[[#This Row],[Days to ship]]<Table1[[#This Row],[RequiredDate]],"On Time","Late")) -> On Time | V801: =_xlfn.XLOOKUP(Table1[[#This Row],[orderID]],Table3[orderID],Table3[unitPrice]) -> 18
A802: 11048 | B802: BOTTM | C802: 7 | D802: =_xlfn.XLOOKUP(Table1[[#This Row],[EmployeeID]],Table4[employeeID],Table4[employeeName]) -> Robert King | E802: 42118 | F802: 42146 | G802: 42124 | H802: =IF(Table1[[#This Row],[ShippedDate]]="","",IF(Table1[[#This Row],[OrderDate]]="","",Table1[[#This Row],[ShippedDate]]-Table1[[#This Row],[OrderDate]])) -> 6 | I802: 3 | J802: 24.12 | K802: =SUMIF(order_details!A:A,Table1[[#This Row],[orderID]],order_details!F:F) -> 525 | L802: =_xlfn.XLOOKUP(Table1[[#This Row],[orderID]],Table3[orderID],Table3[discount]) -> 0 | M802: =SUM(Table1[[#This Row],[Sales]],Table1[[#This Row],[freight]]) -> 549.12 | N802: =_xlfn.XLOOKUP(Table1[[#This Row],[orderID]],Table3[orderID],Table3[quantity]) -> 42 | O802: =_xlfn.XLOOKUP(Table1[[#This Row],[CustomerID]],customers!A:A,customers!B:B) -> Bottom-Dollar Markets | P802: =_xlfn.XLOOKUP(Table1[[#This Row],[shipperID]],Table6[shipperID],Table6[companyName]) -> Federal Shipping | Q802: =YEAR(Table1[[#This Row],[OrderDate]]) -> 2015 | R802: =MONTH(Table1[[#This Row],[OrderDate]]) -> 4 | S802: ="Q"&ROUNDUP(Table1[[#This Row],[month]]/3,0) -> Q2 | T802: =CONCATENATE(Table1[[#This Row],[year]],"-",Table1[[#This Row],[Quarter]]) -> 2015-Q2 | U802: =IF(H801="","Pending",IF(Table1[[#This Row],[Days to ship]]<Table1[[#This Row],[RequiredDate]],"On Time","Late")) -> On Time | V802: =_xlfn.XLOOKUP(Table1[[#This Row],[orderID]],Table3[orderID],Table3[unitPrice]) -> 12.5
A803: 11049 | B803: GOURL | C803: 3 | D803: =_xlfn.XLOOKUP(Table1[[#This Row],[EmployeeID]],Table4[employeeID],Table4[employeeName]) -> Janet Leverling | E803: 42118 | F803: 42146 | G803: 42128 | H803: =IF(Table1[[#This Row],[ShippedDate]]="","",IF(Table1[[#This Row],[OrderDate]]="","",Table1[[#This Row],[ShippedDate]]-Table1[[#This Row],[OrderDate]])) -> 10 | I803: 1 | J803: 8.34 | K803: =SUMIF(order_details!A:A,Table1[[#This Row],[orderID]],order_details!F:F) -> 273.6 | L803: =_xlfn.XLOOKUP(Table1[[#This Row],[orderID]],Table3[orderID],Table3[discount]) -> 0.2 | M803: =SUM(Table1[[#This Row],[Sales]],Table1[[#This Row],[freight]]) -> 281.94 | N803: =_xlfn.XLOOKUP(Table1[[#This Row],[orderID]],Table3[orderID],Table3[quantity]) -> 10 | O803: =_xlfn.XLOOKUP(Table1[[#This Row],[CustomerID]],customers!A:A,customers!B:B) -> Gourmet Lanchonetes | P803: =_xlfn.XLOOKUP(Table1[[#This Row],[shipperID]],Table6[shipperID],Table6[companyName]) -> Speedy Express | Q803: =YEAR(Table1[[#This Row],[OrderDate]]) -> 2015 | R803: =MONTH(Table1[[#This Row],[OrderDate]]) -> 4 | S803: ="Q"&ROUNDUP(Table1[[#This Row],[month]]/3,0) -> Q2 | T803: =CONCATENATE(Table1[[#This Row],[year]],"-",Table1[[#This Row],[Quarter]]) -> 2015-Q2 | U803: =IF(H802="","Pending",IF(Table1[[#This Row],[Days to ship]]<Table1[[#This Row],[RequiredDate]],"On Time","Late")) -> On Time | V803: =_xlfn.XLOOKUP(Table1[[#This Row],[orderID]],Table3[orderID],Table3[unitPrice]) -> 19
A804: 11050 | B804: FOLKO | C804: 8 | D804: =_xlfn.XLOOKUP(Table1[[#This Row],[EmployeeID]],Table4[employeeID],Table4[employeeName]) -> Laura Callahan | E804: 42121 | F804: 42149 | G804: 42129 | H804: =IF(Table1[[#This Row],[ShippedDate]]="","",IF(Table1[[#This Row],[OrderDate]]="","",Table1[[#This Row],[ShippedDate]]-Table1[[#This Row],[OrderDate]])) -> 8 | I804: 2 | J804: 59.41 | K804: =SUMIF(order_details!A:A,Table1[[#This Row],[orderID]],order_details!F:F) -> 810 | L804: =_xlfn.XLOOKUP(Table1[[#This Row],[orderID]],Table3[orderID],Table3[discount]) -> 0.1 | M804: =SUM(Table1[[#This Row],[Sales]],Table1[[#This Row],[freight]]) -> 869.41 | N804: =_xlfn.XLOOKUP(Table1[[#This Row],[orderID]],Table3[orderID],Table3[quantity]) -> 50 | O804: =_xlfn.XLOOKUP(Table1[[#This Row],[CustomerID]],customers!A:A,customers!B:B) -> Folk och fä HB | P804: =_xlfn.XLOOKUP(Table1[[#This Row],[shipperID]],Table6[shipperID],Table6[companyName]) -> United Package | Q804: =YEAR(Table1[[#This Row],[OrderDate]]) -> 2015 | R804: =MONTH(Table1[[#This Row],[OrderDate]]) -> 4 | S804: ="Q"&ROUNDUP(Table1[[#This Row],[month]]/3,0) -> Q2 | T804: =CONCATENATE(Table1[[#This Row],[year]],"-",Table1[[#This Row],[Quarter]]) -> 2015-Q2 | U804: =IF(H803="","Pending",IF(Table1[[#This Row],[Days to ship]]<Table1[[#This Row],[RequiredDate]],"On Time","Late")) -> On Time | V804: =_xlfn.XLOOKUP(Table1[[#This Row],[orderID]],Table3[orderID],Table3[unitPrice]) -> 18
A805: 11051 | B805: LAMAI | C805: 7 | D805: =_xlfn.XLOOKUP(Table1[[#This Row],[EmployeeID]],Table4[employeeID],Table4[employeeName]) -> Robert King | E805: 42121 | F805: 42149 | H805: =IF(Table1[[#This Row],[ShippedDate]]="","",IF(Table1[[#This Row],[OrderDate]]="","",Table1[[#This Row],[ShippedDate]]-Table1[[#This Row],[OrderDate]])) | I805: 3 | J805: 2.79 | K805: =SUMIF(order_details!A:A,Table1[[#This Row],[orderID]],order_details!F:F) -> 36 | L805: =_xlfn.XLOOKUP(Table1[[#This Row],[orderID]],Table3[orderID],Table3[discount]) -> 0.2 | M805: =SUM(Table1[[#This Row],[Sales]],Table1[[#This Row],[freight]]) -> 38.79 | N805: =_xlfn.XLOOKUP(Table1[[#This Row],[orderID]],Table3[orderID],Table3[quantity]) -> 10 | O805: =_xlfn.XLOOKUP(Table1[[#This Row],[CustomerID]],customers!A:A,customers!B:B) -> La maison d'Asie | P805: =_xlfn.XLOOKUP(Table1[[#This Row],[shipperID]],Table6[shipperID],Table6[companyName]) -> Federal Shipping | Q805: =YEAR(Table1[[#This Row],[OrderDate]]) -> 2015 | R805: =MONTH(Table1[[#This Row],[OrderDate]]) -> 4 | S805: ="Q"&ROUNDUP(Table1[[#This Row],[month]]/3,0) -> Q2 | T805: =CONCATENATE(Table1[[#This Row],[year]],"-",Table1[[#This Row],[Quarter]]) -> 2015-Q2 | U805: =IF(H804="","Pending",IF(Table1[[#This Row],[Days to ship]]<Table1[[#This Row],[RequiredDate]],"On Time","Late")) -> Late | V805: =_xlfn.XLOOKUP(Table1[[#This Row],[orderID]],Table3[orderID],Table3[unitPrice]) -> 4.5
A806: 11052 | B806: HANAR | C806: 3 | D806: =_xlfn.XLOOKUP(Table1[[#This Row],[EmployeeID]],Table4[employeeID],Table4[employeeName]) -> Janet Leverling | E806: 42121 | F806: 42149 | G806: 42125 | H806: =IF(Table1[[#This Row],[ShippedDate]]="","",IF(Table1[[#This Row],[OrderDate]]="","",Table1[[#This Row],[ShippedDate]]-Table1[[#This Row],[OrderDate]])) -> 4 | I806: 1 | J806: 67.26 | K806: =SUMIF(order_details!A:A,Table1[[#This Row],[orderID]],order_details!F:F) -> 1332 | L806: =_xlfn.XLOOKUP(Table1[[#This Row],[orderID]],Table3[orderID],Table3[discount]) -> 0.2 | M806: =SUM(Table1[[#This Row],[Sales]],Table1[[#This Row],[freight]]) -> 1399.26 | N806: =_xlfn.XLOOKUP(Table1[[#This Row],[orderID]],Table3[orderID],Table3[quantity]) -> 30 | O806: =_xlfn.XLOOKUP(Table1[[#This Row],[CustomerID]],customers!A:A,customers!B:B) -> Hanari Carnes | P806: =_xlfn.XLOOKUP(Table1[[#This Row],[shipperID]],Table6[shipperID],Table6[companyName]) -> Speedy Express | Q806: =YEAR(Table1[[#This Row],[OrderDate]]) -> 2015 | R806: =MONTH(Table1[[#This Row],[OrderDate]]) -> 4 | S806: ="Q"&ROUNDUP(Table1[[#This Row],[month]]/3,0) -> Q2 | T806: =CONCATENATE(Table1[[#This Row],[year]],"-",Table1[[#This Row],[Quarter]]) -> 2015-Q2 | U806: =IF(H805="","Pending",IF(Table1[[#This Row],[Days to ship]]<Table1[[#This Row],[RequiredDate]],"On Time","Late")) -> Pending | V806: =_xlfn.XLOOKUP(Table1[[#This Row],[orderID]],Table3[orderID],Table3[unitPrice]) -> 46
A807: 11053 | B807: PICCO | C807: 2 | D807: =_xlfn.XLOOKUP(Table1[[#This Row],[EmployeeID]],Table4[employeeID],Table4[employeeName]) -> Andrew Fuller | E807: 42121 | F807: 42149 | G807: 42123 | H807: =IF(Table1[[#This Row],[ShippedDate]]="","",IF(Table1[[#This Row],[OrderDate]]="","",Table1[[#This Row],[ShippedDate]]-Table1[[#This Row],[OrderDate]])) -> 2 | I807: 2 | J807: 53.05 | K807: =SUMIF(order_details!A:A,Table1[[#This Row],[orderID]],order_details!F:F) -> 3055 | L807: =_xlfn.XLOOKUP(Table1[[#This Row],[orderID]],Table3[orderID],Table3[discount]) -> 0.2 | M807: =SUM(Table1[[#This Row],[Sales]],Table1[[#This Row],[freight]]) -> 3108.05 | N807: =_xlfn.XLOOKUP(Table1[[#This Row],[orderID]],Table3[orderID],Table3[quantity]) -> 35 | O807: =_xlfn.XLOOKUP(Table1[[#This Row],[CustomerID]],customers!A:A,customers!B:B) -> Piccolo und mehr | P807: =_xlfn.XLOOKUP(Table1[[#This Row],[shipperID]],Table6[shipperID],Table6[companyName]) -> United Package | Q807: =YEAR(Table1[[#This Row],[OrderDate]]) -> 2015 | R807: =MONTH(Table1[[#This Row],[OrderDate]]) -> 4 | S807: ="Q"&ROUNDUP(Table1[[#This Row],[month]]/3,0) -> Q2 | T807: =CONCATENATE(Table1[[#This Row],[year]],"-",Table1[[#This Row],[Quarter]]) -> 2015-Q2 | U807: =IF(H806="","Pending",IF(Table1[[#This Row],[Days to ship]]<Table1[[#This Row],[RequiredDate]],"On Time","Late")) -> On Time | V807: =_xlfn.XLOOKUP(Table1[[#This Row],[orderID]],Table3[orderID],Table3[unitPrice]) -> 62.5
A808: 11054 | B808: CACTU | C808: 8 | D808: =_xlfn.XLOOKUP(Table1[[#This Row],[EmployeeID]],Table4[employeeID],Table4[employeeName]) -> Laura Callahan | E808: 42122 | F808: 42150 | H808: =IF(Table1[[#This Row],[ShippedDate]]="","",IF(Table1[[#This Row],[OrderDate]]="","",Table1[[#This Row],[ShippedDate]]-Table1[[#This Row],[OrderDate]])) | I808: 1 | J808: 0.33 | K808: =SUMIF(order_details!A:A,Table1[[#This Row],[orderID]],order_details!F:F) -> 305 | L808: =_xlfn.XLOOKUP(Table1[[#This Row],[orderID]],Table3[orderID],Table3[discount]) -> 0 | M808: =SUM(Table1[[#This Row],[Sales]],Table1[[#This Row],[freight]]) -> 305.33 | N808: =_xlfn.XLOOKUP(Table1[[#This Row],[orderID]],Table3[orderID],Table3[quantity]) -> 10 | O808: =_xlfn.XLOOKUP(Table1[[#This Row],[CustomerID]],customers!A:A,customers!B:B) -> Cactus Comidas para llevar | P808: =_xlfn.XLOOKUP(Table1[[#This Row],[shipperID]],Table6[shipperID],Table6[companyName]) -> Speedy Express | Q808: =YEAR(Table1[[#This Row],[OrderDate]]) -> 2015 | R808: =MONTH(Table1[[#This Row],[OrderDate]]) -> 4 | S808: ="Q"&ROUNDUP(Table1[[#This Row],[month]]/3,0) -> Q2 | T808: =CONCATENATE(Table1[[#This Row],[year]],"-",Table1[[#This Row],[Quarter]]) -> 2015-Q2 | U808: =IF(H807="","Pending",IF(Table1[[#This Row],[Days to ship]]<Table1[[#This Row],[RequiredDate]],"On Time","Late")) -> Late | V808: =_xlfn.XLOOKUP(Table1[[#This Row],[orderID]],Table3[orderID],Table3[unitPrice]) -> 2.5
A809: 11055 | B809: HILAA | C809: 7 | D809: =_xlfn.XLOOKUP(Table1[[#This Row],[EmployeeID]],Table4[employeeID],Table4[employeeName]) -> Robert King | E809: 42122 | F809: 42150 | G809: 42129 | H809: =IF(Table1[[#This Row],[ShippedDate]]="","",IF(Table1[[#This Row],[OrderDate]]="","",Table1[[#This Row],[ShippedDate]]-Table1[[#This Row],[OrderDate]])) -> 7 | I809: 2 | J809: 120.92 | K809: =SUMIF(order_details!A:A,Table1[[#This Row],[orderID]],order_details!F:F) -> 1727.5 | L809: =_xlfn.XLOOKUP(Table1[[#This Row],[orderID]],Table3[orderID],Table3[discount]) -> 0 | M809: =SUM(Table1[[#This Row],[Sales]],Table1[[#This Row],[freight]]) -> 1848.42 | N809: =_xlfn.XLOOKUP(Table1[[#This Row],[orderID]],Table3[orderID],Table3[quantity]) -> 15 | O809: =_xlfn.XLOOKUP(Table1[[#This Row],[CustomerID]],customers!A:A,customers!B:B) -> HILARION-Abastos | P809: =_xlfn.XLOOKUP(Table1[[#This Row],[shipperID]],Table6[shipperID],Table6[companyName]) -> United Package | Q809: =YEAR(Table1[[#This Row],[OrderDate]]) -> 2015 | R809: =MONTH(Table1[[#This Row],[OrderDate]]) -> 4 | S809: ="Q"&ROUNDUP(Table1[[#This Row],[month]]/3,0) -> Q2 | T809: =CONCATENATE(Table1[[#This Row],[year]],"-",Table1[[#This Row],[Quarter]]) -> 2015-Q2 | U809: =IF(H808="","Pending",IF(Table1[[#This Row],[Days to ship]]<Table1[[#This Row],[RequiredDate]],"On Time","Late")) -> Pending | V809: =_xlfn.XLOOKUP(Table1[[#This Row],[orderID]],Table3[orderID],Table3[unitPrice]) -> 4.5
A810: 11056 | B810: EASTC | C810: 8 | D810: =_xlfn.XLOOKUP(Table1[[#This Row],[EmployeeID]],Table4[employeeID],Table4[employeeName]) -> Laura Callahan | E810: 42122 | F810: 42136 | G810: 42125 | H810: =IF(Table1[[#This Row],[ShippedDate]]="","",IF(Table1[[#This Row],[OrderDate]]="","",Table1[[#This Row],[ShippedDate]]-Table1[[#This Row],[OrderDate]])) -> 3 | I810: 2 | J810: 278.96 | K810: =SUMIF(order_details!A:A,Table1[[#This Row],[orderID]],order_details!F:F) -> 3740 | L810: =_xlfn.XLOOKUP(Table1[[#This Row],[orderID]],Table3[orderID],Table3[discount]) -> 0 | M810: =SUM(Table1[[#This Row],[Sales]],Table1[[#This Row],[freight]]) -> 4018.96 | N810: =_xlfn.XLOOKUP(Table1[[#This Row],[orderID]],Table3[orderID],Table3[quantity]) -> 40 | O810: =_xlfn.XLOOKUP(Table1[[#This Row],[CustomerID]],customers!A:A,customers!B:B) -> Eastern Connection | P810: =_xlfn.XLOOKUP(Table1[[#This Row],[shipperID]],Table6[shipperID],Table6[companyName]) -> United Package | Q810: =YEAR(Table1[[#This Row],[OrderDate]]) -> 2015 | R810: =MONTH(Table1[[#This Row],[OrderDate]]) -> 4 | S810: ="Q"&ROUNDUP(Table1[[#This Row],[month]]/3,0) -> Q2 | T810: =CONCATENATE(Table1[[#This Row],[year]],"-",Table1[[#This Row],[Quarter]]) -> 2015-Q2 | U810: =IF(H809="","Pending",IF(Table1[[#This Row],[Days to ship]]<Table1[[#This Row],[RequiredDate]],"On Time","Late")) -> On Time | V810: =_xlfn.XLOOKUP(Table1[[#This Row],[orderID]],Table3[orderID],Table3[unitPrice]) -> 30
A811: 11057 | B811: NORTS | C811: 3 | D811: =_xlfn.XLOOKUP(Table1[[#This Row],[EmployeeID]],Table4[employeeID],Table4[employeeName]) -> Janet Leverling | E811: 42123 | F811: 42151 | G811: 42125 | H811: =IF(Table1[[#This Row],[ShippedDate]]="","",IF(Table1[[#This Row],[OrderDate]]="","",Table1[[#This Row],[ShippedDate]]-Table1[[#This Row],[OrderDate]])) -> 2 | I811: 3 | J811: 4.13 | K811: =SUMIF(order_details!A:A,Table1[[#This Row],[orderID]],order_details!F:F) -> 45 | L811: =_xlfn.XLOOKUP(Table1[[#This Row],[orderID]],Table3[orderID],Table3[discount]) -> 0 | M811: =SUM(Table1[[#This Row],[Sales]],Table1[[#This Row],[freight]]) -> 49.13 | N811: =_xlfn.XLOOKUP(Table1[[#This Row],[orderID]],Table3[orderID],Table3[quantity]) -> 3 | O811: =_xlfn.XLOOKUP(Table1[[#This Row],[CustomerID]],customers!A:A,customers!B:B) -> North/South | P811: =_xlfn.XLOOKUP(Table1[[#This Row],[shipperID]],Table6[shipperID],Table6[companyName]) -> Federal Shipping | Q811: =YEAR(Table1[[#This Row],[OrderDate]]) -> 2015 | R811: =MONTH(Table1[[#This Row],[OrderDate]]) -> 4 | S811: ="Q"&ROUNDUP(Table1[[#This Row],[month]]/3,0) -> Q2 | T811: =CONCATENATE(Table1[[#This Row],[year]],"-",Table1[[#This Row],[Quarter]]) -> 2015-Q2 | U811: =IF(H810="","Pending",IF(Table1[[#This Row],[Days to ship]]<Table1[[#This Row],[RequiredDate]],"On Time","Late")) -> On Time | V811: =_xlfn.XLOOKUP(Table1[[#This Row],[orderID]],Table3[orderID],Table3[unitPrice]) -> 15
A812: 11058 | B812: BLAUS | C812: 9 | D812: =_xlfn.XLOOKUP(Table1[[#This Row],[EmployeeID]],Table4[employeeID],Table4[employeeName]) -> Anne Dodsworth | E812: 42123 | F812: 42151 | H812: =IF(Table1[[#This Row],[ShippedDate]]="","",IF(Table1[[#This Row],[OrderDate]]="","",Table1[[#This Row],[ShippedDate]]-Table1[[#This Row],[OrderDate]])) | I812: 3 | J812: 31.14 | K812: =SUMIF(order_details!A:A,Table1[[#This Row],[orderID]],order_details!F:F) -> 858 | L812: =_xlfn.XLOOKUP(Table1[[#This Row],[orderID]],Table3[orderID],Table3[discount]) -> 0 | M812: =SUM(Table1[[#This Row],[Sales]],Table1[[#This Row],[freight]]) -> 889.14 | N812: =_xlfn.XLOOKUP(Table1[[#This Row],[orderID]],Table3[orderID],Table3[quantity]) -> 3 | O812: =_xlfn.XLOOKUP(Table1[[#This Row],[CustomerID]],customers!A:A,customers!B:B) -> Blauer See Delikatessen | P812: =_xlfn.XLOOKUP(Table1[[#This Row],[shipperID]],Table6[shipperID],Table6[companyName]) -> Federal Shipping | Q812: =YEAR(Table1[[#This Row],[OrderDate]]) -> 2015 | R812: =MONTH(Table1[[#This Row],[OrderDate]]) -> 4 | S812: ="Q"&ROUNDUP(Table1[[#This Row],[month]]/3,0) -> Q2 | T812: =CONCATENATE(Table1[[#This Row],[year]],"-",Table1[[#This Row],[Quarter]]) -> 2015-Q2 | U812: =IF(H811="","Pending",IF(Table1[[#This Row],[Days to ship]]<Table1[[#This Row],[RequiredDate]],"On Time","Late")) -> Late | V812: =_xlfn.XLOOKUP(Table1[[#This Row],[orderID]],Table3[orderID],Table3[unitPrice]) -> 10
A813: 11059 | B813: RICAR | C813: 2 | D813: =_xlfn.XLOOKUP(Table1[[#This Row],[EmployeeID]],Table4[employeeID],Table4[employeeName]) -> Andrew Fuller | E813: 42123 | F813: 42165 | H813: =IF(Table1[[#This Row],[ShippedDate]]="","",IF(Table1[[#This Row],[OrderDate]]="","",Table1[[#This Row],[ShippedDate]]-Table1[[#This Row],[OrderDate]])) | I813: 2 | J813: 85.8 | K813: =SUMIF(order_details!A:A,Table1[[#This Row],[orderID]],order_details!F:F) -> 1838 | L813: =_xlfn.XLOOKUP(Table1[[#This Row],[orderID]],Table3[orderID],Table3[discount]) -> 0 | M813: =SUM(Table1[[#This Row],[Sales]],Table1[[#This Row],[freight]]) -> 1923.8 | N813: =_xlfn.XLOOKUP(Table1[[#This Row],[orderID]],Table3[orderID],Table3[quantity]) -> 30 | O813: =_xlfn.XLOOKUP(Table1[[#This Row],[CustomerID]],customers!A:A,customers!B:B) -> Ricardo Adocicados | P813: =_xlfn.XLOOKUP(Table1[[#This Row],[shipperID]],Table6[shipperID],Table6[companyName]) -> United Package | Q813: =YEAR(Table1[[#This Row],[OrderDate]]) -> 2015 | R813: =MONTH(Table1[[#This Row],[OrderDate]]) -> 4 | S813: ="Q"&ROUNDUP(Table1[[#This Row],[month]]/3,0) -> Q2 | T813: =CONCATENATE(Table1[[#This Row],[year]],"-",Table1[[#This Row],[Quarter]]) -> 2015-Q2 | U813: =IF(H812="","Pending",IF(Table1[[#This Row],[Days to ship]]<Table1[[#This Row],[RequiredDate]],"On Time","Late")) -> Pending | V813: =_xlfn.XLOOKUP(Table1[[#This Row],[orderID]],Table3[orderID],Table3[unitPrice]) -> 6
A814: 11060 | B814: FRANS | C814: 2 | D814: =_xlfn.XLOOKUP(Table1[[#This Row],[EmployeeID]],Table4[employeeID],Table4[employeeName]) -> Andrew Fuller | E814: 42124 | F814: 42152 | G814: 42128 | H814: =IF(Table1[[#This Row],[ShippedDate]]="","",IF(Table1[[#This Row],[OrderDate]]="","",Table1[[#This Row],[ShippedDate]]-Table1[[#This Row],[OrderDate]])) -> 4 | I814: 2 | J814: 10.98 | K814: =SUMIF(order_details!A:A,Table1[[#This Row],[orderID]],order_details!F:F) -> 266 | L814: =_xlfn.XLOOKUP(Table1[[#This Row],[orderID]],Table3[orderID],Table3[discount]) -> 0 | M814: =SUM(Table1[[#This Row],[Sales]],Table1[[#This Row],[freight]]) -> 276.98 | N814: =_xlfn.XLOOKUP(Table1[[#This Row],[orderID]],Table3[orderID],Table3[quantity]) -> 4 | O814: =_xlfn.XLOOKUP(Table1[[#This Row],[CustomerID]],customers!A:A,customers!B:B) -> Franchi S.p.A. | P814: =_xlfn.XLOOKUP(Table1[[#This Row],[shipperID]],Table6[shipperID],Table6[companyName]) -> United Package | Q814: =YEAR(Table1[[#This Row],[OrderDate]]) -> 2015 | R814: =MONTH(Table1[[#This Row],[OrderDate]]) -> 4 | S814: ="Q"&ROUNDUP(Table1[[#This Row],[month]]/3,0) -> Q2 | T814: =CONCATENATE(Table1[[#This Row],[year]],"-",Table1[[#This Row],[Quarter]]) -> 2015-Q2 | U814: =IF(H813="","Pending",IF(Table1[[#This Row],[Days to ship]]<Table1[[#This Row],[RequiredDate]],"On Time","Late")) -> Pending | V814: =_xlfn.XLOOKUP(Table1[[#This Row],[orderID]],Table3[orderID],Table3[unitPrice]) -> 34
A815: 11061 | B815: GREAL | C815: 4 | D815: =_xlfn.XLOOKUP(Table1[[#This Row],[EmployeeID]],Table4[employeeID],Table4[employeeName]) -> Margaret Peacock | E815: 42124 | F815: 42166 | H815: =IF(Table1[[#This Row],[ShippedDate]]="","",IF(Table1[[#This Row],[OrderDate]]="","",Table1[[#This Row],[ShippedDate]]-Table1[[#This Row],[OrderDate]])) | I815: 3 | J815: 14.01 | K815: =SUMIF(order_details!A:A,Table1[[#This Row],[orderID]],order_details!F:F) -> 510 | L815: =_xlfn.XLOOKUP(Table1[[#This Row],[orderID]],Table3[orderID],Table3[discount]) -> 0 | M815: =SUM(Table1[[#This Row],[Sales]],Table1[[#This Row],[freight]]) -> 524.01 | N815: =_xlfn.XLOOKUP(Table1[[#This Row],[orderID]],Table3[orderID],Table3[quantity]) -> 15 | O815: =_xlfn.XLOOKUP(Table1[[#This Row],[CustomerID]],customers!A:A,customers!B:B) -> Great Lakes Food Market | P815: =_xlfn.XLOOKUP(Table1[[#This Row],[shipperID]],Table6[shipperID],Table6[companyName]) -> Federal Shipping | Q815: =YEAR(Table1[[#This Row],[OrderDate]]) -> 2015 | R815: =MONTH(Table1[[#This Row],[OrderDate]]) -> 4 | S815: ="Q"&ROUNDUP(Table1[[#This Row],[month]]/3,0) -> Q2 | T815: =CONCATENATE(Table1[[#This Row],[year]],"-",Table1[[#This Row],[Quarter]]) -> 2015-Q2 | U815: =IF(H814="","Pending",IF(Table1[[#This Row],[Days to ship]]<Table1[[#This Row],[RequiredDate]],"On Time","Late")) -> Late | V815: =_xlfn.XLOOKUP(Table1[[#This Row],[orderID]],Table3[orderID],Table3[unitPrice]) -> 34
A816: 11062 | B816: REGGC | C816: 4 | D816: =_xlfn.XLOOKUP(Table1[[#This Row],[EmployeeID]],Table4[employeeID],Table4[employeeName]) -> Margaret Peacock | E816: 42124 | F816: 42152 | H816: =IF(Table1[[#This Row],[ShippedDate]]="","",IF(Table1[[#This Row],[OrderDate]]="","",Table1[[#This Row],[ShippedDate]]-Table1[[#This Row],[OrderDate]])) | I816: 2 | J816: 29.93 | K816: =SUMIF(order_details!A:A,Table1[[#This Row],[orderID]],order_details!F:F) -> 406.4 | L816: =_xlfn.XLOOKUP(Table1[[#This Row],[orderID]],Table3[orderID],Table3[discount]) -> 0.2 | M816: =SUM(Table1[[#This Row],[Sales]],Table1[[#This Row],[freight]]) -> 436.33 | N816: =_xlfn.XLOOKUP(Table1[[#This Row],[orderID]],Table3[orderID],Table3[quantity]) -> 10 | O816: =_xlfn.XLOOKUP(Table1[[#This Row],[CustomerID]],customers!A:A,customers!B:B) -> Reggiani Caseifici | P816: =_xlfn.XLOOKUP(Table1[[#This Row],[shipperID]],Table6[shipperID],Table6[companyName]) -> United Package | Q816: =YEAR(Table1[[#This Row],[OrderDate]]) -> 2015 | R816: =MONTH(Table1[[#This Row],[OrderDate]]) -> 4 | S816: ="Q"&ROUNDUP(Table1[[#This Row],[month]]/3,0) -> Q2 | T816: =CONCATENATE(Table1[[#This Row],[year]],"-",Table1[[#This Row],[Quarter]]) -> 2015-Q2 | U816: =IF(H815="","Pending",IF(Table1[[#This Row],[Days to ship]]<Table1[[#This Row],[RequiredDate]],"On Time","Late")) -> Pending | V816: =_xlfn.XLOOKUP(Table1[[#This Row],[orderID]],Table3[orderID],Table3[unitPrice]) -> 32.8
A817: 11063 | B817: HUNGO | C817: 3 | D817: =_xlfn.XLOOKUP(Table1[[#This Row],[EmployeeID]],Table4[employeeID],Table4[employeeName]) -> Janet Leverling | E817: 42124 | F817: 42152 | G817: 42130 | H817: =IF(Table1[[#This Row],[ShippedDate]]="","",IF(Table1[[#This Row],[OrderDate]]="","",Table1[[#This Row],[ShippedDate]]-Table1[[#This Row],[OrderDate]])) -> 6 | I817: 2 | J817: 81.73 | K817: =SUMIF(order_details!A:A,Table1[[#This Row],[orderID]],order_details!F:F) -> 1342.95 | L817: =_xlfn.XLOOKUP(Table1[[#This Row],[orderID]],Table3[orderID],Table3[discount]) -> 0 | M817: =SUM(Table1[[#This Row],[Sales]],Table1[[#This Row],[freight]]) -> 1424.68 | N817: =_xlfn.XLOOKUP(Table1[[#This Row],[orderID]],Table3[orderID],Table3[quantity]) -> 30 | O817: =_xlfn.XLOOKUP(Table1[[#This Row],[CustomerID]],customers!A:A,customers!B:B) -> Hungry Owl All-Night Grocers | P817: =_xlfn.XLOOKUP(Table1[[#This Row],[shipperID]],Table6[shipperID],Table6[companyName]) -> United Package | Q817: =YEAR(Table1[[#This Row],[OrderDate]]) -> 2015 | R817: =MONTH(Table1[[#This Row],[OrderDate]]) -> 4 | S817: ="Q"&ROUNDUP(Table1[[#This Row],[month]]/3,0) -> Q2 | T817: =CONCATENATE(Table1[[#This Row],[year]],"-",Table1[[#This Row],[Quarter]]) -> 2015-Q2 | U817: =IF(H816="","Pending",IF(Table1[[#This Row],[Days to ship]]<Table1[[#This Row],[RequiredDate]],"On Time","Late")) -> Pending | V817: =_xlfn.XLOOKUP(Table1[[#This Row],[orderID]],Table3[orderID],Table3[unitPrice]) -> 14
A818: 11064 | B818: SAVEA | C818: 1 | D818: =_xlfn.XLOOKUP(Table1[[#This Row],[EmployeeID]],Table4[employeeID],Table4[employeeName]) -> Nancy Davolio | E818: 42125 | F818: 42153 | G818: 42128 | H818: =IF(Table1[[#This Row],[ShippedDate]]="","",IF(Table1[[#This Row],[OrderDate]]="","",Table1[[#This Row],[ShippedDate]]-Table1[[#This Row],[OrderDate]])) -> 3 | I818: 1 | J818: 30.09 | K818: =SUMIF(order_details!A:A,Table1[[#This Row],[orderID]],order_details!F:F) -> 4330.4 | L818: =_xlfn.XLOOKUP(Table1[[#This Row],[orderID]],Table3[orderID],Table3[discount]) -> 0.1 | M818: =SUM(Table1[[#This Row],[Sales]],Table1[[#This Row],[freight]]) -> 4360.49 | N818: =_xlfn.XLOOKUP(Table1[[#This Row],[orderID]],Table3[orderID],Table3[quantity]) -> 77 | O818: =_xlfn.XLOOKUP(Table1[[#This Row],[CustomerID]],customers!A:A,customers!B:B) -> Save-a-lot Markets | P818: =_xlfn.XLOOKUP(Table1[[#This Row],[shipperID]],Table6[shipperID],Table6[companyName]) -> Speedy Express | Q818: =YEAR(Table1[[#This Row],[OrderDate]]) -> 2015 | R818: =MONTH(Table1[[#This Row],[OrderDate]]) -> 5 | S818: ="Q"&ROUNDUP(Table1[[#This Row],[month]]/3,0) -> Q2 | T818: =CONCATENATE(Table1[[#This Row],[year]],"-",Table1[[#This Row],[Quarter]]) -> 2015-Q2 | U818: =IF(H817="","Pending",IF(Table1[[#This Row],[Days to ship]]<Table1[[#This Row],[RequiredDate]],"On Time","Late")) -> On Time | V818: =_xlfn.XLOOKUP(Table1[[#This Row],[orderID]],Table3[orderID],Table3[unitPrice]) -> 39
A819: 11065 | B819: LILAS | C819: 8 | D819: =_xlfn.XLOOKUP(Table1[[#This Row],[EmployeeID]],Table4[employeeID],Table4[employeeName]) -> Laura Callahan | E819: 42125 | F819: 42153 | H819: =IF(Table1[[#This Row],[ShippedDate]]="","",IF(Table1[[#This Row],[OrderDate]]="","",Table1[[#This Row],[ShippedDate]]-Table1[[#This Row],[OrderDate]])) | I819: 1 | J819: 12.91 | K819: =SUMIF(order_details!A:A,Table1[[#This Row],[orderID]],order_details!F:F) -> 189.42 | L819: =_xlfn.XLOOKUP(Table1[[#This Row],[orderID]],Table3[orderID],Table3[discount]) -> 0.25 | M819: =SUM(Table1[[#This Row],[Sales]],Table1[[#This Row],[freight]]) -> 202.33 | N819: =_xlfn.XLOOKUP(Table1[[#This Row],[orderID]],Table3[orderID],Table3[quantity]) -> 4 | O819: =_xlfn.XLOOKUP(Table1[[#This Row],[CustomerID]],customers!A:A,customers!B:B) -> LILA-Supermercado | P819: =_xlfn.XLOOKUP(Table1[[#This Row],[shipperID]],Table6[shipperID],Table6[companyName]) -> Speedy Express | Q819: =YEAR(Table1[[#This Row],[OrderDate]]) -> 2015 | R819: =MONTH(Table1[[#This Row],[OrderDate]]) -> 5 | S819: ="Q"&ROUNDUP(Table1[[#This Row],[month]]/3,0) -> Q2 | T819: =CONCATENATE(Table1[[#This Row],[year]],"-",Table1[[#This Row],[Quarter]]) -> 2015-Q2 | U819: =IF(H818="","Pending",IF(Table1[[#This Row],[Days to ship]]<Table1[[#This Row],[RequiredDate]],"On Time","Late")) -> Late | V819: =_xlfn.XLOOKUP(Table1[[#This Row],[orderID]],Table3[orderID],Table3[unitPrice]) -> 25.89
A820: 11066 | B820: WHITC | C820: 7 | D820: =_xlfn.XLOOKUP(Table1[[#This Row],[EmployeeID]],Table4[employeeID],Table4[employeeName]) -> Robert King | E820: 42125 | F820: 42153 | G820: 42128 | H820: =IF(Table1[[#This Row],[ShippedDate]]="","",IF(Table1[[#This Row],[OrderDate]]="","",Table1[[#This Row],[ShippedDate]]-Table1[[#This Row],[OrderDate]])) -> 3 | I820: 2 | J820: 44.72 | K820: =SUMIF(order_details!A:A,Table1[[#This Row],[orderID]],order_details!F:F) -> 928.75 | L820: =_xlfn.XLOOKUP(Table1[[#This Row],[orderID]],Table3[orderID],Table3[discount]) -> 0 | M820: =SUM(Table1[[#This Row],[Sales]],Table1[[#This Row],[freight]]) -> 973.47 | N820: =_xlfn.XLOOKUP(Table1[[#This Row],[orderID]],Table3[orderID],Table3[quantity]) -> 3 | O820: =_xlfn.XLOOKUP(Table1[[#This Row],[CustomerID]],customers!A:A,customers!B:B) -> White Clover Markets | P820: =_xlfn.XLOOKUP(Table1[[#This Row],[shipperID]],Table6[shipperID],Table6[companyName]) -> United Package | Q820: =YEAR(Table1[[#This Row],[OrderDate]]) -> 2015 | R820: =MONTH(Table1[[#This Row],[OrderDate]]) -> 5 | S820: ="Q"&ROUNDUP(Table1[[#This Row],[month]]/3,0) -> Q2 | T820: =CONCATENATE(Table1[[#This Row],[year]],"-",Table1[[#This Row],[Quarter]]) -> 2015-Q2 | U820: =IF(H819="","Pending",IF(Table1[[#This Row],[Days to ship]]<Table1[[#This Row],[RequiredDate]],"On Time","Late")) -> Pending | V820: =_xlfn.XLOOKUP(Table1[[#This Row],[orderID]],Table3[orderID],Table3[unitPrice]) -> 17.45
A821: 11067 | B821: DRACD | C821: 1 | D821: =_xlfn.XLOOKUP(Table1[[#This Row],[EmployeeID]],Table4[employeeID],Table4[employeeName]) -> Nancy Davolio | E821: 42128 | F821: 42142 | G821: 42130 | H821: =IF(Table1[[#This Row],[ShippedDate]]="","",IF(Table1[[#This Row],[OrderDate]]="","",Table1[[#This Row],[ShippedDate]]-Table1[[#This Row],[OrderDate]])) -> 2 | I821: 2 | J821: 7.98 | K821: =SUMIF(order_details!A:A,Table1[[#This Row],[orderID]],order_details!F:F) -> 86.85 | L821: =_xlfn.XLOOKUP(Table1[[#This Row],[orderID]],Table3[orderID],Table3[discount]) -> 0 | M821: =SUM(Table1[[#This Row],[Sales]],Table1[[#This Row],[freight]]) -> 94.83 | N821: =_xlfn.XLOOKUP(Table1[[#This Row],[orderID]],Table3[orderID],Table3[quantity]) -> 9 | O821: =_xlfn.XLOOKUP(Table1[[#This Row],[CustomerID]],customers!A:A,customers!B:B) -> Drachenblut Delikatessen | P821: =_xlfn.XLOOKUP(Table1[[#This Row],[shipperID]],Table6[shipperID],Table6[companyName]) -> United Package | Q821: =YEAR(Table1[[#This Row],[OrderDate]]) -> 2015 | R821: =MONTH(Table1[[#This Row],[OrderDate]]) -> 5 | S821: ="Q"&ROUNDUP(Table1[[#This Row],[month]]/3,0) -> Q2 | T821: =CONCATENATE(Table1[[#This Row],[year]],"-",Table1[[#This Row],[Quarter]]) -> 2015-Q2 | U821: =IF(H820="","Pending",IF(Table1[[#This Row],[Days to ship]]<Table1[[#This Row],[RequiredDate]],"On Time","Late")) -> On Time | V821: =_xlfn.XLOOKUP(Table1[[#This Row],[orderID]],Table3[orderID],Table3[unitPrice]) -> 9.65
A822: 11068 | B822: QUEEN | C822: 8 | D822: =_xlfn.XLOOKUP(Table1[[#This Row],[EmployeeID]],Table4[employeeID],Table4[employeeName]) -> Laura Callahan | E822: 42128 | F822: 42156 | H822: =IF(Table1[[#This Row],[ShippedDate]]="","",IF(Table1[[#This Row],[OrderDate]]="","",Table1[[#This Row],[ShippedDate]]-Table1[[#This Row],[OrderDate]])) | I822: 2 | J822: 81.75 | K822: =SUMIF(order_details!A:A,Table1[[#This Row],[orderID]],order_details!F:F) -> 2027.08 | L822: =_xlfn.XLOOKUP(Table1[[#This Row],[orderID]],Table3[orderID],Table3[discount]) -> 0.15 | M822: =SUM(Table1[[#This Row],[Sales]],Table1[[#This Row],[freight]]) -> 2108.83 | N822: =_xlfn.XLOOKUP(Table1[[#This Row],[orderID]],Table3[orderID],Table3[quantity]) -> 8 | O822: =_xlfn.XLOOKUP(Table1[[#This Row],[CustomerID]],customers!A:A,customers!B:B) -> Queen Cozinha | P822: =_xlfn.XLOOKUP(Table1[[#This Row],[shipperID]],Table6[shipperID],Table6[companyName]) -> United Package | Q822: =YEAR(Table1[[#This Row],[OrderDate]]) -> 2015 | R822: =MONTH(Table1[[#This Row],[OrderDate]]) -> 5 | S822: ="Q"&ROUNDUP(Table1[[#This Row],[month]]/3,0) -> Q2 | T822: =CONCATENATE(Table1[[#This Row],[year]],"-",Table1[[#This Row],[Quarter]]) -> 2015-Q2 | U822: =IF(H821="","Pending",IF(Table1[[#This Row],[Days to ship]]<Table1[[#This Row],[RequiredDate]],"On Time","Late")) -> Late | V822: =_xlfn.XLOOKUP(Table1[[#This Row],[orderID]],Table3[orderID],Table3[unitPrice]) -> 45.6
A823: 11069 | B823: TORTU | C823: 1 | D823: =_xlfn.XLOOKUP(Table1[[#This Row],[EmployeeID]],Table4[employeeID],Table4[employeeName]) -> Nancy Davolio | E823: 42128 | F823: 42156 | G823: 42130 | H823: =IF(Table1[[#This Row],[ShippedDate]]="","",IF(Table1[[#This Row],[OrderDate]]="","",Table1[[#This Row],[ShippedDate]]-Table1[[#This Row],[OrderDate]])) -> 2 | I823: 2 | J823: 15.67 | K823: =SUMIF(order_details!A:A,Table1[[#This Row],[orderID]],order_details!F:F) -> 360 | L823: =_xlfn.XLOOKUP(Table1[[#This Row],[orderID]],Table3[orderID],Table3[discount]) -> 0 | M823: =SUM(Table1[[#This Row],[Sales]],Table1[[#This Row],[freight]]) -> 375.67 | N823: =_xlfn.XLOOKUP(Table1[[#This Row],[orderID]],Table3[orderID],Table3[quantity]) -> 20 | O823: =_xlfn.XLOOKUP(Table1[[#This Row],[CustomerID]],customers!A:A,customers!B:B) -> Tortuga Restaurante | P823: =_xlfn.XLOOKUP(Table1[[#This Row],[shipperID]],Table6[shipperID],Table6[companyName]) -> United Package | Q823: =YEAR(Table1[[#This Row],[OrderDate]]) -> 2015 | R823: =MONTH(Table1[[#This Row],[OrderDate]]) -> 5 | S823: ="Q"&ROUNDUP(Table1[[#This Row],[month]]/3,0) -> Q2 | T823: =CONCATENATE(Table1[[#This Row],[year]],"-",Table1[[#This Row],[Quarter]]) -> 2015-Q2 | U823: =IF(H822="","Pending",IF(Table1[[#This Row],[Days to ship]]<Table1[[#This Row],[RequiredDate]],"On Time","Late")) -> Pending | V823: =_xlfn.XLOOKUP(Table1[[#This Row],[orderID]],Table3[orderID],Table3[unitPrice]) -> 18
A824: 11070 | B824: LEHMS | C824: 2 | D824: =_xlfn.XLOOKUP(Table1[[#This Row],[EmployeeID]],Table4[employeeID],Table4[employeeName]) -> Andrew Fuller | E824: 42129 | F824: 42157 | H824: =IF(Table1[[#This Row],[ShippedDate]]="","",IF(Table1[[#This Row],[OrderDate]]="","",Table1[[#This Row],[ShippedDate]]-Table1[[#This Row],[OrderDate]])) | I824: 1 | J824: 136 | K824: =SUMIF(order_details!A:A,Table1[[#This Row],[orderID]],order_details!F:F) -> 1629.975 | L824: =_xlfn.XLOOKUP(Table1[[#This Row],[orderID]],Table3[orderID],Table3[discount]) -> 0.15 | M824: =SUM(Table1[[#This Row],[Sales]],Table1[[#This Row],[freight]]) -> 1765.975 | N824: =_xlfn.XLOOKUP(Table1[[#This Row],[orderID]],Table3[orderID],Table3[quantity]) -> 40 | O824: =_xlfn.XLOOKUP(Table1[[#This Row],[CustomerID]],customers!A:A,customers!B:B) -> Lehmanns Marktstand | P824: =_xlfn.XLOOKUP(Table1[[#This Row],[shipperID]],Table6[shipperID],Table6[companyName]) -> Speedy Express | Q824: =YEAR(Table1[[#This Row],[OrderDate]]) -> 2015 | R824: =MONTH(Table1[[#This Row],[OrderDate]]) -> 5 | S824: ="Q"&ROUNDUP(Table1[[#This Row],[month]]/3,0) -> Q2 | T824: =CONCATENATE(Table1[[#This Row],[year]],"-",Table1[[#This Row],[Quarter]]) -> 2015-Q2 | U824: =IF(H823="","Pending",IF(Table1[[#This Row],[Days to ship]]<Table1[[#This Row],[RequiredDate]],"On Time","Late")) -> Late | V824: =_xlfn.XLOOKUP(Table1[[#This Row],[orderID]],Table3[orderID],Table3[unitPrice]) -> 18
A825: 11071 | B825: LILAS | C825: 1 | D825: =_xlfn.XLOOKUP(Table1[[#This Row],[EmployeeID]],Table4[employeeID],Table4[employeeName]) -> Nancy Davolio | E825: 42129 | F825: 42157 | H825: =IF(Table1[[#This Row],[ShippedDate]]="","",IF(Table1[[#This Row],[OrderDate]]="","",Table1[[#This Row],[ShippedDate]]-Table1[[#This Row],[OrderDate]])) | I825: 1 | J825: 0.93 | K825: =SUMIF(order_details!A:A,Table1[[#This Row],[orderID]],order_details!F:F) -> 484.5 | L825: =_xlfn.XLOOKUP(Table1[[#This Row],[orderID]],Table3[orderID],Table3[discount]) -> 0.05 | M825: =SUM(Table1[[#This Row],[Sales]],Table1[[#This Row],[freight]]) -> 485.43 | N825: =_xlfn.XLOOKUP(Table1[[#This Row],[orderID]],Table3[orderID],Table3[quantity]) -> 15 | O825: =_xlfn.XLOOKUP(Table1[[#This Row],[CustomerID]],customers!A:A,customers!B:B) -> LILA-Supermercado | P825: =_xlfn.XLOOKUP(Table1[[#This Row],[shipperID]],Table6[shipperID],Table6[companyName]) -> Speedy Express | Q825: =YEAR(Table1[[#This Row],[OrderDate]]) -> 2015 | R825: =MONTH(Table1[[#This Row],[OrderDate]]) -> 5 | S825: ="Q"&ROUNDUP(Table1[[#This Row],[month]]/3,0) -> Q2 | T825: =CONCATENATE(Table1[[#This Row],[year]],"-",Table1[[#This Row],[Quarter]]) -> 2015-Q2 | U825: =IF(H824="","Pending",IF(Table1[[#This Row],[Days to ship]]<Table1[[#This Row],[RequiredDate]],"On Time","Late")) -> Pending | V825: =_xlfn.XLOOKUP(Table1[[#This Row],[orderID]],Table3[orderID],Table3[unitPrice]) -> 30
A826: 11072 | B826: ERNSH | C826: 4 | D826: =_xlfn.XLOOKUP(Table1[[#This Row],[EmployeeID]],Table4[employeeID],Table4[employeeName]) -> Margaret Peacock | E826: 42129 | F826: 42157 | H826: =IF(Table1[[#This Row],[ShippedDate]]="","",IF(Table1[[#This Row],[OrderDate]]="","",Table1[[#This Row],[ShippedDate]]-Table1[[#This Row],[OrderDate]])) | I826: 2 | J826: 258.64 | K826: =SUMIF(order_details!A:A,Table1[[#This Row],[orderID]],order_details!F:F) -> 5218 | L826: =_xlfn.XLOOKUP(Table1[[#This Row],[orderID]],Table3[orderID],Table3[discount]) -> 0 | M826: =SUM(Table1[[#This Row],[Sales]],Table1[[#This Row],[freight]]) -> 5476.64 | N826: =_xlfn.XLOOKUP(Table1[[#This Row],[orderID]],Table3[orderID],Table3[quantity]) -> 8 | O826: =_xlfn.XLOOKUP(Table1[[#This Row],[CustomerID]],customers!A:A,customers!B:B) -> Ernst Handel | P826: =_xlfn.XLOOKUP(Table1[[#This Row],[shipperID]],Table6[shipperID],Table6[companyName]) -> United Package | Q826: =YEAR(Table1[[#This Row],[OrderDate]]) -> 2015 | R826: =MONTH(Table1[[#This Row],[OrderDate]]) -> 5 | S826: ="Q"&ROUNDUP(Table1[[#This Row],[month]]/3,0) -> Q2 | T826: =CONCATENATE(Table1[[#This Row],[year]],"-",Table1[[#This Row],[Quarter]]) -> 2015-Q2 | U826: =IF(H825="","Pending",IF(Table1[[#This Row],[Days to ship]]<Table1[[#This Row],[RequiredDate]],"On Time","Late")) -> Pending | V826: =_xlfn.XLOOKUP(Table1[[#This Row],[orderID]],Table3[orderID],Table3[unitPrice]) -> 19
A827: 11073 | B827: PERIC | C827: 2 | D827: =_xlfn.XLOOKUP(Table1[[#This Row],[EmployeeID]],Table4[employeeID],Table4[employeeName]) -> Andrew Fuller | E827: 42129 | F827: 42157 | H827: =IF(Table1[[#This Row],[ShippedDate]]="","",IF(Table1[[#This Row],[OrderDate]]="","",Table1[[#This Row],[ShippedDate]]-Table1[[#This Row],[OrderDate]])) | I827: 2 | J827: 24.95 | K827: =SUMIF(order_details!A:A,Table1[[#This Row],[orderID]],order_details!F:F) -> 300 | L827: =_xlfn.XLOOKUP(Table1[[#This Row],[orderID]],Table3[orderID],Table3[discount]) -> 0 | M827: =SUM(Table1[[#This Row],[Sales]],Table1[[#This Row],[freight]]) -> 324.95 | N827: =_xlfn.XLOOKUP(Table1[[#This Row],[orderID]],Table3[orderID],Table3[quantity]) -> 10 | O827: =_xlfn.XLOOKUP(Table1[[#This Row],[CustomerID]],customers!A:A,customers!B:B) -> Pericles Comidas clásicas | P827: =_xlfn.XLOOKUP(Table1[[#This Row],[shipperID]],Table6[shipperID],Table6[companyName]) -> United Package | Q827: =YEAR(Table1[[#This Row],[OrderDate]]) -> 2015 | R827: =MONTH(Table1[[#This Row],[OrderDate]]) -> 5 | S827: ="Q"&ROUNDUP(Table1[[#This Row],[month]]/3,0) -> Q2 | T827: =CONCATENATE(Table1[[#This Row],[year]],"-",Table1[[#This Row],[Quarter]]) -> 2015-Q2 | U827: =IF(H826="","Pending",IF(Table1[[#This Row],[Days to ship]]<Table1[[#This Row],[RequiredDate]],"On Time","Late")) -> Pending | V827: =_xlfn.XLOOKUP(Table1[[#This Row],[orderID]],Table3[orderID],Table3[unitPrice]) -> 21
A828: 11074 | B828: SIMOB | C828: 7 | D828: =_xlfn.XLOOKUP(Table1[[#This Row],[EmployeeID]],Table4[employeeID],Table4[employeeName]) -> Robert King | E828: 42130 | F828: 42158 | H828: =IF(Table1[[#This Row],[ShippedDate]]="","",IF(Table1[[#This Row],[OrderDate]]="","",Table1[[#This Row],[ShippedDate]]-Table1[[#This Row],[OrderDate]])) | I828: 2 | J828: 18.44 | K828: =SUMIF(order_details!A:A,Table1[[#This Row],[orderID]],order_details!F:F) -> 232.085 | L828: =_xlfn.XLOOKUP(Table1[[#This Row],[orderID]],Table3[orderID],Table3[discount]) -> 0.05 | M828: =SUM(Table1[[#This Row],[Sales]],Table1[[#This Row],[freight]]) -> 250.525 | N828: =_xlfn.XLOOKUP(Table1[[#This Row],[orderID]],Table3[orderID],Table3[quantity]) -> 14 | O828: =_xlfn.XLOOKUP(Table1[[#This Row],[CustomerID]],customers!A:A,customers!B:B) -> Simons bistro | P828: =_xlfn.XLOOKUP(Table1[[#This Row],[shipperID]],Table6[shipperID],Table6[companyName]) -> United Package | Q828: =YEAR(Table1[[#This Row],[OrderDate]]) -> 2015 | R828: =MONTH(Table1[[#This Row],[OrderDate]]) -> 5 | S828: ="Q"&ROUNDUP(Table1[[#This Row],[month]]/3,0) -> Q2 | T828: =CONCATENATE(Table1[[#This Row],[year]],"-",Table1[[#This Row],[Quarter]]) -> 2015-Q2 | U828: =IF(H827="","Pending",IF(Table1[[#This Row],[Days to ship]]<Table1[[#This Row],[RequiredDate]],"On Time","Late")) -> Pending | V828: =_xlfn.XLOOKUP(Table1[[#This Row],[orderID]],Table3[orderID],Table3[unitPrice]) -> 17.45
A829: 11075 | B829: RICSU | C829: 8 | D829: =_xlfn.XLOOKUP(Table1[[#This Row],[EmployeeID]],Table4[employeeID],Table4[employeeName]) -> Laura Callahan | E829: 42130 | F829: 42158 | H829: =IF(Table1[[#This Row],[ShippedDate]]="","",IF(Table1[[#This Row],[OrderDate]]="","",Table1[[#This Row],[ShippedDate]]-Table1[[#This Row],[OrderDate]])) | I829: 2 | J829: 6.19 | K829: =SUMIF(order_details!A:A,Table1[[#This Row],[orderID]],order_details!F:F) -> 498.1 | L829: =_xlfn.XLOOKUP(Table1[[#This Row],[orderID]],Table3[orderID],Table3[discount]) -> 0.15 | M829: =SUM(Table1[[#This Row],[Sales]],Table1[[#This Row],[freight]]) -> 504.29 | N829: =_xlfn.XLOOKUP(Table1[[#This Row],[orderID]],Table3[orderID],Table3[quantity]) -> 10 | O829: =_xlfn.XLOOKUP(Table1[[#This Row],[CustomerID]],customers!A:A,customers!B:B) -> Richter Supermarkt | P829: =_xlfn.XLOOKUP(Table1[[#This Row],[shipperID]],Table6[shipperID],Table6[companyName]) -> United Package | Q829: =YEAR(Table1[[#This Row],[OrderDate]]) -> 2015 | R829: =MONTH(Table1[[#This Row],[OrderDate]]) -> 5 | S829: ="Q"&ROUNDUP(Table1[[#This Row],[month]]/3,0) -> Q2 | T829: =CONCATENATE(Table1[[#This Row],[year]],"-",Table1[[#This Row],[Quarter]]) -> 2015-Q2 | U829: =IF(H828="","Pending",IF(Table1[[#This Row],[Days to ship]]<Table1[[#This Row],[RequiredDate]],"On Time","Late")) -> Pending | V829: =_xlfn.XLOOKUP(Table1[[#This Row],[orderID]],Table3[orderID],Table3[unitPrice]) -> 19
A830: 11076 | B830: BONAP | C830: 4 | D830: =_xlfn.XLOOKUP(Table1[[#This Row],[EmployeeID]],Table4[employeeID],Table4[employeeName]) -> Margaret Peacock | E830: 42130 | F830: 42158 | H830: =IF(Table1[[#This Row],[ShippedDate]]="","",IF(Table1[[#This Row],[OrderDate]]="","",Table1[[#This Row],[ShippedDate]]-Table1[[#This Row],[OrderDate]])) | I830: 2 | J830: 38.28 | K830: =SUMIF(order_details!A:A,Table1[[#This Row],[orderID]],order_details!F:F) -> 792.75 | L830: =_xlfn.XLOOKUP(Table1[[#This Row],[orderID]],Table3[orderID],Table3[discount]) -> 0.25 | M830: =SUM(Table1[[#This Row],[Sales]],Table1[[#This Row],[freight]]) -> 831.03 | N830: =_xlfn.XLOOKUP(Table1[[#This Row],[orderID]],Table3[orderID],Table3[quantity]) -> 20 | O830: =_xlfn.XLOOKUP(Table1[[#This Row],[CustomerID]],customers!A:A,customers!B:B) -> Bon app' | P830: =_xlfn.XLOOKUP(Table1[[#This Row],[shipperID]],Table6[shipperID],Table6[companyName]) -> United Package | Q830: =YEAR(Table1[[#This Row],[OrderDate]]) -> 2015 | R830: =MONTH(Table1[[#This Row],[OrderDate]]) -> 5 | S830: ="Q"&ROUNDUP(Table1[[#This Row],[month]]/3,0) -> Q2 | T830: =CONCATENATE(Table1[[#This Row],[year]],"-",Table1[[#This Row],[Quarter]]) -> 2015-Q2 | U830: =IF(H829="","Pending",IF(Table1[[#This Row],[Days to ship]]<Table1[[#This Row],[RequiredDate]],"On Time","Late")) -> Pending | V830: =_xlfn.XLOOKUP(Table1[[#This Row],[orderID]],Table3[orderID],Table3[unitPrice]) -> 25
A831: 11077 | B831: RATTC | C831: 1 | D831: =_xlfn.XLOOKUP(Table1[[#This Row],[EmployeeID]],Table4[employeeID],Table4[employeeName]) -> Nancy Davolio | E831: 42130 | F831: 42158 | H831: =IF(Table1[[#This Row],[ShippedDate]]="","",IF(Table1[[#This Row],[OrderDate]]="","",Table1[[#This Row],[ShippedDate]]-Table1[[#This Row],[OrderDate]])) | I831: 2 | J831: 8.53 | K831: =SUMIF(order_details!A:A,Table1[[#This Row],[orderID]],order_details!F:F) -> 1255.7205 | L831: =_xlfn.XLOOKUP(Table1[[#This Row],[orderID]],Table3[orderID],Table3[discount]) -> 0.2 | M831: =SUM(Table1[[#This Row],[Sales]],Table1[[#This Row],[freight]]) -> 1264.2505 | N831: =_xlfn.XLOOKUP(Table1[[#This Row],[orderID]],Table3[orderID],Table3[quantity]) -> 24 | O831: =_xlfn.XLOOKUP(Table1[[#This Row],[CustomerID]],customers!A:A,customers!B:B) -> Rattlesnake Canyon Grocery | P831: =_xlfn.XLOOKUP(Table1[[#This Row],[shipperID]],Table6[shipperID],Table6[companyName]) -> United Package | Q831: =YEAR(Table1[[#This Row],[OrderDate]]) -> 2015 | R831: =MONTH(Table1[[#This Row],[OrderDate]]) -> 5 | S831: ="Q"&ROUNDUP(Table1[[#This Row],[month]]/3,0) -> Q2 | T831: =CONCATENATE(Table1[[#This Row],[year]],"-",Table1[[#This Row],[Quarter]]) -> 2015-Q2 | U831: =IF(H830="","Pending",IF(Table1[[#This Row],[Days to ship]]<Table1[[#This Row],[RequiredDate]],"On Time","Late")) -> Pending | V831: =_xlfn.XLOOKUP(Table1[[#This Row],[orderID]],Table3[orderID],Table3[unitPrice]) -> 19

Sheet products
A1: productID | B1: productName | C1: quantityPerUnit | D1: unitPrice | E1: discontinued | F1: Product Availability | G1: categoryID | H1: Sales
A2: 1 | B2: Chai | C2: 10 boxes x 20 bags | D2: 18 | E2: 0 | F2: =IF(Table2[[#This Row],[discontinued]]=0,"Available"," Not Available") -> Available | G2: 1 | H2: =SUMIF(order_details!B:B,Table2[[#This Row],[productID]],order_details!F:F) -> 12788.1
A3: 2 | B3: Chang | C3: 24 - 12 oz bottles | D3: 19 | E3: 0 | F3: =IF(Table2[[#This Row],[discontinued]]=0,"Available"," Not Available") -> Available | G3: 1 | H3: =SUMIF(order_details!B:B,Table2[[#This Row],[productID]],order_details!F:F) -> 16355.96
A4: 3 | B4: Aniseed Syrup | C4: 12 - 550 ml bottles | D4: 10 | E4: 0 | F4: =IF(Table2[[#This Row],[discontinued]]=0,"Available"," Not Available") -> Available | G4: 2 | H4: =SUMIF(order_details!B:B,Table2[[#This Row],[productID]],order_details!F:F) -> 3044
A5: 4 | B5: Chef Anton's Cajun Seasoning | C5: 48 - 6 oz jars | D5: 22 | E5: 0 | F5: =IF(Table2[[#This Row],[discontinued]]=0,"Available"," Not Available") -> Available | G5: 2 | H5: =SUMIF(order_details!B:B,Table2[[#This Row],[productID]],order_details!F:F) -> 8567.9
A6: 5 | B6: Chef Anton's Gumbo Mix | C6: 36 boxes | D6: 21.35 | E6: 1 | F6: =IF(Table2[[#This Row],[discontinued]]=0,"Available"," Not Available") -> Not Available | G6: 2 | H6: =SUMIF(order_details!B:B,Table2[[#This Row],[productID]],order_details!F:F) -> 5347.2
A7: 6 | B7: Grandma's Boysenberry Spread | C7: 12 - 8 oz jars | D7: 25 | E7: 0 | F7: =IF(Table2[[#This Row],[discontinued]]=0,"Available"," Not Available") -> Available | G7: 2 | H7: =SUMIF(order_details!B:B,Table2[[#This Row],[productID]],order_details!F:F) -> 7137
A8: 7 | B8: Uncle Bob's Organic Dried Pears | C8: 12 - 1 lb pkgs. | D8: 30 | E8: 0 | F8: =IF(Table2[[#This Row],[discontinued]]=0,"Available"," Not Available") -> Available | G8: 7 | H8: =SUMIF(order_details!B:B,Table2[[#This Row],[productID]],order_details!F:F) -> 22044.3
A9: 8 | B9: Northwoods Cranberry Sauce | C9: 12 - 12 oz jars | D9: 40 | E9: 0 | F9: =IF(Table2[[#This Row],[discontinued]]=0,"Available"," Not Available") -> Available | G9: 2 | H9: =SUMIF(order_details!B:B,Table2[[#This Row],[productID]],order_details!F:F) -> 12772
A10: 9 | B10: Mishi Kobe Niku | C10: 18 - 500 g pkgs. | D10: 97 | E10: 1 | F10: =IF(Table2[[#This Row],[discontinued]]=0,"Available"," Not Available") -> Not Available | G10: 6 | H10: =SUMIF(order_details!B:B,Table2[[#This Row],[productID]],order_details!F:F) -> 7226.5
A11: 10 | B11: Ikura | C11: 12 - 200 ml jars | D11: 31 | E11: 0 | F11: =IF(Table2[[#This Row],[discontinued]]=0,"Available"," Not Available") -> Available | G11: 8 | H11: =SUMIF(order_details!B:B,Table2[[#This Row],[productID]],order_details!F:F) -> 20867.34
A12: 11 | B12: Queso Cabrales | C12: 1 kg pkg. | D12: 21 | E12: 0 | F12: =IF(Table2[[#This Row],[discontinued]]=0,"Available"," Not Available") -> Available | G12: 4 | H12: =SUMIF(order_details!B:B,Table2[[#This Row],[productID]],order_details!F:F) -> 12901.77
A13: 12 | B13: Queso Manchego La Pastora | C13: 10 - 500 g pkgs. | D13: 38 | E13: 0 | F13: =IF(Table2[[#This Row],[discontinued]]=0,"Available"," Not Available") -> Available | G13: 4 | H13: =SUMIF(order_details!B:B,Table2[[#This Row],[productID]],order_details!F:F) -> 12257.66
... A78: 77 | B78: Original Frankfurter Grüne Soße | C78: 12 boxes | D78: 13 | E78: 0 | F78: =IF(Table2[[#This Row],[discontinued]]=0,"Available"," Not Available") -> Available | G78: 2 | H78: =SUMIF(order_details!B:B,Table2[[#This Row],[productID]],order_details!F:F) -> 9171.63

Sheet order_details
A1: orderID | B1: productID | C1: unitPrice | D1: quantity | E1: discount | F1: Sales
A2: 10248 | B2: 11 | C2: 14 | D2: 12 | E2: 0 | F2: =C2*D2*(1-E2) -> 168
A3: 10248 | B3: 42 | C3: 9.8 | D3: 10 | E3: 0 | F3: =C3*D3*(1-E3) -> 98
A4: 10248 | B4: 72 | C4: 34.8 | D4: 5 | E4: 0 | F4: =C4*D4*(1-E4) -> 174
A5: 10249 | B5: 14 | C5: 18.6 | D5: 9 | E5: 0 | F5: =C5*D5*(1-E5) -> 167.4
A6: 10249 | B6: 51 | C6: 42.4 | D6: 40 | E6: 0 | F6: =C6*D6*(1-E6) -> 1696
A7: 10250 | B7: 41 | C7: 7.7 | D7: 10 | E7: 0 | F7: =C7*D7*(1-E7) -> 77
A8: 10250 | B8: 51 | C8: 42.4 | D8: 35 | E8: 0.15 | F8: =C8*D8*(1-E8) -> 1261.4
A9: 10250 | B9: 65 | C9: 16.8 | D9: 15 | E9: 0.15 | F9: =C9*D9*(1-E9) -> 214.2
A10: 10251 | B10: 22 | C10: 16.8 | D10: 6 | E10: 0.05 | F10: =C10*D10*(1-E10) -> 95.76
A11: 10251 | B11: 57 | C11: 15.6 | D11: 15 | E11: 0.05 | F11: =C11*D11*(1-E11) -> 222.3
A12: 10251 | B12: 65 | C12: 16.8 | D12: 20 | E12: 0 | F12: =C12*D12*(1-E12) -> 336
A13: 10252 | B13: 20 | C13: 64.8 | D13: 40 | E13: 0.05 | F13: =C13*D13*(1-E13) -> 2462.4
... A2156: 11077 | B2156: 77 | C2156: 13 | D2156: 2 | E2156: 0 | F2156: =C2156*D2156*(1-E2156) -> 26

Sheet employees
A1: employeeID | B1: employeeName | C1: title | D1: city | E1: country | F1: reportsTo
A2: 1 | B2: Nancy Davolio | C2: Sales Representative | D2: New York | E2: USA | F2: 8
A3: 2 | B3: Andrew Fuller | C3: Vice President Sales | D3: New York | E3: USA
A4: 3 | B4: Janet Leverling | C4: Sales Representative | D4: New York | E4: USA | F4: 8
A5: 4 | B5: Margaret Peacock | C5: Sales Representative | D5: New York | E5: USA | F5: 8
A6: 5 | B6: Steven Buchanan | C6: Sales Manager | D6: London | E6: UK | F6: 2
A7: 6 | B7: Michael Suyama | C7: Sales Representative | D7: London | E7: UK | F7: 5
A8: 7 | B8: Robert King | C8: Sales Representative | D8: London | E8: UK | F8: 5
A9: 8 | B9: Laura Callahan | C9: Sales Manager | D9: New York | E9: USA | F9: 2
A10: 9 | B10: Anne Dodsworth | C10: Sales Representative | D10: London | E10: UK | F10: 5

Sheet customers
A1: customerID | B1: companyName | C1: contactName | D1: contactTitle | E1: city | F1: country
A2: ALFKI | B2: Alfreds Futterkiste | C2: Maria Anders | D2: Sales Representative | E2: Berlin | F2: Germany
A3: ANATR | B3: Ana Trujillo Emparedados y helados | C3: Ana Trujillo | D3: Owner | E3: Mexico City | F3: Mexico
A4: ANTON | B4: Antonio Moreno Taquería | C4: Antonio Moreno | D4: Owner | E4: Mexico City | F4: Mexico
A5: AROUT | B5: Around the Horn | C5: Thomas Hardy | D5: Sales Representative | E5: London | F5: UK
A6: BERGS | B6: Berglunds snabbköp | C6: Christina Berglund | D6: Order Administrator | E6: Luleå | F6: Sweden
A7: BLAUS | B7: Blauer See Delikatessen | C7: Hanna Moos | D7: Sales Representative | E7: Mannheim | F7: Germany
A8: BLONP | B8: Blondesddsl père et fils | C8: Frédérique Citeaux | D8: Marketing Manager | E8: Strasbourg | F8: France
A9: BOLID | B9: Bólido Comidas preparadas | C9: Martín Sommer | D9: Owner | E9: Madrid | F9: Spain
A10: BONAP | B10: Bon app' | C10: Laurence Lebihan | D10: Owner | E10: Marseille | F10: France
A11: BOTTM | B11: Bottom-Dollar Markets | C11: Elizabeth Lincoln | D11: Accounting Manager | E11: Tsawassen | F11: Canada
A12: BSBEV | B12: B's Beverages | C12: Victoria Ashworth | D12: Sales Representative | E12: London | F12: UK
... A92: WOLZA | B92: Wolski Zajazd | C92: Zbyszek Piestrzeniewicz | D92: Owner | E92: Warszawa | F92: Poland

Sheet shippers
A1: shipperID | B1: companyName
A2: 1 | B2: Speedy Express
A3: 2 | B3: United Package
A4: 3 | B4: Federal Shipping

Sheet categories
A1: categoryID | B1: categoryName | C1: description
A2: 1 | B2: Beverages | C2: Soft drinks, coffees, teas, beers, and ales
A3: 2 | B3: Condiments | C3: Sweet and savory sauces, relishes, spreads, and seasonings
A4: 3 | B4: Confections | C4: Desserts, candies, and sweet breads
A5: 4 | B5: Dairy Products | C5: Cheeses
A6: 5 | B6: Grains & Cereals | C6: Breads, crackers, pasta, and cereal
A7: 6 | B7: Meat & Poultry | C7: Prepared meats
A8: 7 | B8: Produce | C8: Dried fruit and bean curd
A9: 8 | B9: Seafood | C9: Seaweed and fish
